election_year,election_date,scope,ward,advance_voters,published_date,publisher,source_title,source_url,archive_url,note
2014,2014-10-27,city,,161147,2014-10-20,"The Globe and Mail, reporting City figures",Turnout at Toronto advance polls sets record,https://www.theglobeandmail.com/news/toronto/turnout-at-toronto-advance-polls-sets-record/article21173457/,https://web.archive.org/web/20141024050440/http://www.theglobeandmail.com:80/news/toronto/turnout-at-toronto-advance-polls-sets-record/article21173457/,"No City release found; CP24 the same day quotes the City Clerk's written statement with 'more than 160,000'"
2018,2018-10-22,city,,124306,2018-10-15,"CBC News, reporting City figures","Advance voting down by more than 36,000, but city officials pleased with turnout",https://www.cbc.ca/news/canada/toronto/advance-voter-turnout-municipal-election-2018-1.4863816,https://web.archive.org/web/20181015211524/https://www.cbc.ca/news/canada/toronto/advance-voter-turnout-municipal-election-2018-1.4863816,"City release no longer online; Global News the same day gives the same figure. Final voter statistics: 124,299"
2022,2022-10-24,city,,115911,2022-10-15,City of Toronto,Turnout for 2022 Toronto Municipal Election Advance Vote,https://www.toronto.ca/news/turnout-for-2022-toronto-municipal-election-advance-vote/,,"Final election report: 115,899"
2023,2023-06-26,city,,129745,2023-06-14,City of Toronto,Advance vote turnout for the 2023 By-election for Mayor,https://www.toronto.ca/news/advance-vote-turnout-for-the-2023-by-election-for-mayor/,,
2023,2023-06-26,ward,1,2694,2023-06-15,City of Toronto,2023 By-Election for Mayor: Advance Vote Turnout Ward by Ward,https://www.toronto.ca/wp-content/uploads/2023/06/98ae-1.1-Advance-Vote-Turnout-Ward-by-Ward.pdf,,Published date is the PDF's creation date
2023,2023-06-26,ward,2,7216,2023-06-15,City of Toronto,2023 By-Election for Mayor: Advance Vote Turnout Ward by Ward,https://www.toronto.ca/wp-content/uploads/2023/06/98ae-1.1-Advance-Vote-Turnout-Ward-by-Ward.pdf,,Published date is the PDF's creation date
2023,2023-06-26,ward,3,6899,2023-06-15,City of Toronto,2023 By-Election for Mayor: Advance Vote Turnout Ward by Ward,https://www.toronto.ca/wp-content/uploads/2023/06/98ae-1.1-Advance-Vote-Turnout-Ward-by-Ward.pdf,,Published date is the PDF's creation date
2023,2023-06-26,ward,4,7337,2023-06-15,City of Toronto,2023 By-Election for Mayor: Advance Vote Turnout Ward by Ward,https://www.toronto.ca/wp-content/uploads/2023/06/98ae-1.1-Advance-Vote-Turnout-Ward-by-Ward.pdf,,Published date is the PDF's creation date
2023,2023-06-26,ward,5,3980,2023-06-15,City of Toronto,2023 By-Election for Mayor: Advance Vote Turnout Ward by Ward,https://www.toronto.ca/wp-content/uploads/2023/06/98ae-1.1-Advance-Vote-Turnout-Ward-by-Ward.pdf,,Published date is the PDF's creation date
2023,2023-06-26,ward,6,3678,2023-06-15,City of Toronto,2023 By-Election for Mayor: Advance Vote Turnout Ward by Ward,https://www.toronto.ca/wp-content/uploads/2023/06/98ae-1.1-Advance-Vote-Turnout-Ward-by-Ward.pdf,,Published date is the PDF's creation date
2023,2023-06-26,ward,7,2106,2023-06-15,City of Toronto,2023 By-Election for Mayor: Advance Vote Turnout Ward by Ward,https://www.toronto.ca/wp-content/uploads/2023/06/98ae-1.1-Advance-Vote-Turnout-Ward-by-Ward.pdf,,Published date is the PDF's creation date
2023,2023-06-26,ward,8,5748,2023-06-15,City of Toronto,2023 By-Election for Mayor: Advance Vote Turnout Ward by Ward,https://www.toronto.ca/wp-content/uploads/2023/06/98ae-1.1-Advance-Vote-Turnout-Ward-by-Ward.pdf,,Published date is the PDF's creation date
2023,2023-06-26,ward,9,6213,2023-06-15,City of Toronto,2023 By-Election for Mayor: Advance Vote Turnout Ward by Ward,https://www.toronto.ca/wp-content/uploads/2023/06/98ae-1.1-Advance-Vote-Turnout-Ward-by-Ward.pdf,,Published date is the PDF's creation date
2023,2023-06-26,ward,10,5960,2023-06-15,City of Toronto,2023 By-Election for Mayor: Advance Vote Turnout Ward by Ward,https://www.toronto.ca/wp-content/uploads/2023/06/98ae-1.1-Advance-Vote-Turnout-Ward-by-Ward.pdf,,Published date is the PDF's creation date
2023,2023-06-26,ward,11,5998,2023-06-15,City of Toronto,2023 By-Election for Mayor: Advance Vote Turnout Ward by Ward,https://www.toronto.ca/wp-content/uploads/2023/06/98ae-1.1-Advance-Vote-Turnout-Ward-by-Ward.pdf,,Published date is the PDF's creation date
2023,2023-06-26,ward,12,7400,2023-06-15,City of Toronto,2023 By-Election for Mayor: Advance Vote Turnout Ward by Ward,https://www.toronto.ca/wp-content/uploads/2023/06/98ae-1.1-Advance-Vote-Turnout-Ward-by-Ward.pdf,,Published date is the PDF's creation date
2023,2023-06-26,ward,13,6121,2023-06-15,City of Toronto,2023 By-Election for Mayor: Advance Vote Turnout Ward by Ward,https://www.toronto.ca/wp-content/uploads/2023/06/98ae-1.1-Advance-Vote-Turnout-Ward-by-Ward.pdf,,Published date is the PDF's creation date
2023,2023-06-26,ward,14,7522,2023-06-15,City of Toronto,2023 By-Election for Mayor: Advance Vote Turnout Ward by Ward,https://www.toronto.ca/wp-content/uploads/2023/06/98ae-1.1-Advance-Vote-Turnout-Ward-by-Ward.pdf,,Published date is the PDF's creation date
2023,2023-06-26,ward,15,4330,2023-06-15,City of Toronto,2023 By-Election for Mayor: Advance Vote Turnout Ward by Ward,https://www.toronto.ca/wp-content/uploads/2023/06/98ae-1.1-Advance-Vote-Turnout-Ward-by-Ward.pdf,,Published date is the PDF's creation date
2023,2023-06-26,ward,16,3387,2023-06-15,City of Toronto,2023 By-Election for Mayor: Advance Vote Turnout Ward by Ward,https://www.toronto.ca/wp-content/uploads/2023/06/98ae-1.1-Advance-Vote-Turnout-Ward-by-Ward.pdf,,Published date is the PDF's creation date
2023,2023-06-26,ward,17,4678,2023-06-15,City of Toronto,2023 By-Election for Mayor: Advance Vote Turnout Ward by Ward,https://www.toronto.ca/wp-content/uploads/2023/06/98ae-1.1-Advance-Vote-Turnout-Ward-by-Ward.pdf,,Published date is the PDF's creation date
2023,2023-06-26,ward,18,4369,2023-06-15,City of Toronto,2023 By-Election for Mayor: Advance Vote Turnout Ward by Ward,https://www.toronto.ca/wp-content/uploads/2023/06/98ae-1.1-Advance-Vote-Turnout-Ward-by-Ward.pdf,,Published date is the PDF's creation date
2023,2023-06-26,ward,19,6584,2023-06-15,City of Toronto,2023 By-Election for Mayor: Advance Vote Turnout Ward by Ward,https://www.toronto.ca/wp-content/uploads/2023/06/98ae-1.1-Advance-Vote-Turnout-Ward-by-Ward.pdf,,Published date is the PDF's creation date
2023,2023-06-26,ward,20,5307,2023-06-15,City of Toronto,2023 By-Election for Mayor: Advance Vote Turnout Ward by Ward,https://www.toronto.ca/wp-content/uploads/2023/06/98ae-1.1-Advance-Vote-Turnout-Ward-by-Ward.pdf,,Published date is the PDF's creation date
2023,2023-06-26,ward,21,4439,2023-06-15,City of Toronto,2023 By-Election for Mayor: Advance Vote Turnout Ward by Ward,https://www.toronto.ca/wp-content/uploads/2023/06/98ae-1.1-Advance-Vote-Turnout-Ward-by-Ward.pdf,,Published date is the PDF's creation date
2023,2023-06-26,ward,22,4453,2023-06-15,City of Toronto,2023 By-Election for Mayor: Advance Vote Turnout Ward by Ward,https://www.toronto.ca/wp-content/uploads/2023/06/98ae-1.1-Advance-Vote-Turnout-Ward-by-Ward.pdf,,Published date is the PDF's creation date
2023,2023-06-26,ward,23,4427,2023-06-15,City of Toronto,2023 By-Election for Mayor: Advance Vote Turnout Ward by Ward,https://www.toronto.ca/wp-content/uploads/2023/06/98ae-1.1-Advance-Vote-Turnout-Ward-by-Ward.pdf,,Published date is the PDF's creation date
2023,2023-06-26,ward,24,3922,2023-06-15,City of Toronto,2023 By-Election for Mayor: Advance Vote Turnout Ward by Ward,https://www.toronto.ca/wp-content/uploads/2023/06/98ae-1.1-Advance-Vote-Turnout-Ward-by-Ward.pdf,,Published date is the PDF's creation date
2023,2023-06-26,ward,25,4977,2023-06-15,City of Toronto,2023 By-Election for Mayor: Advance Vote Turnout Ward by Ward,https://www.toronto.ca/wp-content/uploads/2023/06/98ae-1.1-Advance-Vote-Turnout-Ward-by-Ward.pdf,,Published date is the PDF's creation date
