candidacy_id,person_id,office_type,represented_body,official_district_id,candidate_name
can_ad42223760b35c96b0449ef670d9845a,per_07cd6bc3663455ed824a9f761e01f37c,councillor,toronto_city_council,ward-10,Ian Cunningham
can_de69859aa6e3580db7f8ebe69a56a7ca,per_91bf5315163150bb916d058da657e701,councillor,toronto_city_council,ward-10,Xue Ding
can_8c65727cd591563ead315441d782ce40,per_c04c3ef94ebe535a922fc6952d99f16b,councillor,toronto_city_council,ward-10,Andi Hoàng-Lefranc
can_6ce460418db35fc0a2250f2c60e2e1ef,per_bf2f3ef33fe85c22ae8d63298fc864b6,councillor,toronto_city_council,ward-10,Bashar Kassir
can_4e5688e335d85ba38dea71c20fc80f46,per_bfeb35d94dc45455987133a9e9091a58,councillor,toronto_city_council,ward-10,Ausma Malik
can_92fd0c9122055fc284c5956cf912b42e,per_bb48705446b35f4388147ef59634c458,councillor,toronto_city_council,ward-10,Paul Nash
can_8805f1f7276f5972826482864779ff6f,,councillor,toronto_city_council,ward-10,Husain Neemuchwala
can_4e6442d48d075767a5dd46d160b57f83,per_ca43561c0ce35ee782e9bf47d18907c9,councillor,toronto_city_council,ward-10,Aanchal Vashistha
can_b575c3cad9c45924b9ab2fd40bf439bd,per_c0e1c9bb6045570b873969e4c462da62,councillor,toronto_city_council,ward-24,Paul Ainslie
can_8dec82b9fe5a5e8e9877b2652b9db3f9,per_95ee78b8d6b5584386ff88690cd1cc83,councillor,toronto_city_council,ward-24,Robert Bazil
can_29e87ffd4ccb57d894c302eceaf6a80a,per_2ab6a3ebed0b565d9eb4d2fb5a6a2bb9,councillor,toronto_city_council,ward-24,Jithender Mulamalla
can_e2954dfad41c595ea86b9eb57bf985d5,per_07d082c7315f54cc8af5b9a245ca4bd1,councillor,toronto_city_council,ward-24,Nachi Ramasamy
can_7b056c54c08e57a1be9656be36f1fb3c,per_2280d7cc39a95949afedbeef44db243b,councillor,toronto_city_council,ward-24,Arun Sivanandan
can_7549a4a4392d5389a19be8b561281769,per_d8754336aab45a5bbe2eb9595b776ff6,councillor,toronto_city_council,ward-24,An Wu
can_bfe31987ee285930912ced319aa2ef23,per_758a4b12ea145c53b18244f934fe278b,councillor,toronto_city_council,ward-13,Joe Cadeau
can_4b0aef437a8b5ee9b012b0a2784cd08c,per_9024cf7fbce05ac79665bf494fca7572,councillor,toronto_city_council,ward-13,Tom Cai
can_568a052fca7354c793c3647e04757349,per_198d7058ebae57d8b3d5040e3f074d06,councillor,toronto_city_council,ward-13,Victoria Davis
can_ba6b5b4a3ab451eea2768df03cc4201d,per_9ff2a37ff829503ebf8f4b552c06350f,councillor,toronto_city_council,ward-13,Morgan Harris
can_8a90ed20f33c5344bc7bf4e30765fcf4,per_924ddb5c96f651c5a493f09391975a29,councillor,toronto_city_council,ward-13,Walied Khogali Ali
can_961eedf31f7a5a128f933e255fc9e84a,,councillor,toronto_city_council,ward-13,Norman MacLeod
can_782b9fe3d44e5f22915ed8350f7029f6,,councillor,toronto_city_council,ward-13,Cleveland Marshall
can_d1f0d6ec825a5e8880c7a0127fb4c0cd,per_f1f71e7ebd7157cda9b8d44c62c4c294,councillor,toronto_city_council,ward-13,Chris Moise
can_3d4ce576030557299e055e6b45190f80,per_575bb20c0dd95f61962fbff687c3bd9a,councillor,toronto_city_council,ward-13,Curran Stikuts
can_9ceca34d841452bc9fd6d80bc14ee751,per_56d079e12a5c5002bf92f77ce5b11a13,councillor,toronto_city_council,ward-13,Daniel Tate
can_8541696c67bf5545a1fd79c43cd0180c,,councillor,toronto_city_council,ward-13,Nicki Ward
can_ccf7ecae756b52a090a17f30f39dd208,per_a7b774fc423d598ea71bc3aaa51ec221,councillor,toronto_city_council,ward-22,Madhuri Azad
can_ba3f29bc9a58599099dc707240f9805a,per_bf461b68e335517ba6c39f389c60e735,councillor,toronto_city_council,ward-22,Bill Chan
can_93a11744de755f9b8e09f34163c066cb,per_4c6b1de7ce7b58eab3569caa6305b9cb,councillor,toronto_city_council,ward-22,Jackson Ho
can_10d67ed98b13555591022b37256041dc,,councillor,toronto_city_council,ward-22,Serge Khatchadourian
can_fc6a2303f672526b906e41059599f1b1,per_888c0183e3e2547dba099730fa594e39,councillor,toronto_city_council,ward-22,Rakhee Kotecha
can_a6a76ef0705f5184862c27fbce09a431,per_d027b31b250d522490263f0254e42324,councillor,toronto_city_council,ward-22,Aaron Lal
can_2f81660c7da35490a94ce976f3709e00,,councillor,toronto_city_council,ward-22,Dan Lovell
can_4c18cca55e9d5f0a9574e97613157eee,per_fb6a517ea8b55026b7d6afdf59820e53,councillor,toronto_city_council,ward-22,Nick Mantas
can_42845001944e576e98a007147806b3bb,,councillor,toronto_city_council,ward-22,Donny Morgan
can_b832501e18df5cdf90279c128257f0f5,per_21703ae905d2566a8d28e03e95fdeb30,councillor,toronto_city_council,ward-22,Sindia Vijayarajan
can_03c66fbe857d5f70acdc50b3ee10a212,per_d84af16eb4e953f18cd10c69e5d2ac87,councillor,toronto_city_council,ward-6,Alexander Artamonov
can_ac80d793fcf5583391aab30fdf4d2cd1,per_d22df210b6245ddb86d410f3af0c23c0,councillor,toronto_city_council,ward-6,Conroy Irving
can_0aee4bd40f7c5ca99c87bf0689ba951b,per_3f72f66a6a385b0eae3279e7de8d12a0,councillor,toronto_city_council,ward-6,James Pasternak
can_06e9de5734dd5d97a4c2cde85a5ea016,per_b3471e8be4765e51b0381303a6c7a36d,councillor,toronto_city_council,ward-9,Alejandra Bravo
can_bd2f517d1c245c24a7350daae2838931,per_547475c0c45c536c8180edf74c46c0c7,councillor,toronto_city_council,ward-9,Ashley Jansen
can_0011203693df5f4bbd56eda350858802,per_8d4ee1006d5f5d0abac9460638da044a,councillor,toronto_city_council,ward-9,Marco Martins
can_6955360935e55c00ac749810e83c6e99,,councillor,toronto_city_council,ward-9,Neil Simon
can_3d04d5bdb8ef5da8adb96314f7e9ccff,per_9387d636b99c5fdd8edee8549f902b74,councillor,toronto_city_council,ward-16,Jon Burnside
can_e6a52d7f1dec52dca117a475cb6ecfa8,per_3bbfe828bb915c9aac273f04020fd1c9,councillor,toronto_city_council,ward-16,Sinan Erdemir
can_5d9ac0744ce65c19be8b0275038f807a,per_47842194f72b529d80664350ca0cf634,councillor,toronto_city_council,ward-16,Didi Moffat
can_a0fa4026af4c5b789b9c4a06d3839a91,per_38e126adae9f5ad19a4421d24fdedadf,councillor,toronto_city_council,ward-16,Stacey Moffatt
can_fc057f15bfe2539a8936110ae1600cae,,councillor,toronto_city_council,ward-25,Shawn Allen
can_a6db7813a89f5937b8f62ca4e37ad988,per_847d1e028c945d1c9e7e55001168ed5b,councillor,toronto_city_council,ward-25,Dharshan Casinathen
can_e20b84344569575baa6eabadb1091543,,councillor,toronto_city_council,ward-25,Ashan Fernando
can_1920fdecbe3e50209fe0d2cc5940ec2a,per_de654733f51f5cb3a68d7452e0914ab5,councillor,toronto_city_council,ward-25,Somas Kaneshapillai
can_d53ceb2d309c516995d7dbec962edca1,per_dd9fb72961f7536384e3b7a1486f00a5,councillor,toronto_city_council,ward-25,Jannette Lumley
can_d6b41f085030594bb7adfacbdd6a1409,,councillor,toronto_city_council,ward-25,Zakir Patel
can_5c11b4b6fc8355629f1fccaa01681837,,councillor,toronto_city_council,ward-25,Dianna Robinson
can_a79a57064f7351fdb16759205a1efff7,per_19dc2d74394f53058376f79485db68e8,councillor,toronto_city_council,ward-25,Neethan Shan
can_ffc20b3032ec521a8e1cf8bdd3dccbae,per_c77a9d97c9e75b418502546b4aae2489,councillor,toronto_city_council,ward-25,Kannan S'ree Jr
can_e1478c1326175e0d9d01ce8159cc2f1f,per_07f7263f875a5c31ac434ea9fbc5ddee,councillor,toronto_city_council,ward-25,Vane Stavrev
can_c5e1b74a135259088199df529e59661b,per_a454e96878e15b71b3dd9d38d09f6c5f,councillor,toronto_city_council,ward-12,David Cottrell
can_f609cbd46b4e5bc89af2d60d7c683b0f,,councillor,toronto_city_council,ward-12,Jenny Kalimbet
can_f5dd439e38b052f99a20e53ac2702506,per_1abb1eba4bfe58dd8f1a2d5426c9c358,councillor,toronto_city_council,ward-12,Ahmed Kamal
can_f0eef9233b0c57268fe3d1a894b0dc36,per_69529146105a5d85ae577db19104ceed,councillor,toronto_city_council,ward-12,Josh Matlow
can_5efcb26d1a7d5b03ae5d938f5f43fb33,,councillor,toronto_city_council,ward-12,Bob Murphy
can_5fcf90938f7555c18b92382fdce69086,per_5e27ccd16b2a52c98e7764acdd63344f,councillor,toronto_city_council,ward-12,Mina Nadimi
can_2faec835397f5561be472b2b0ccde84f,per_05e2054361085d8f860959a1f93c9d70,councillor,toronto_city_council,ward-19,Syeda Jaana Ali
can_a678fafa3fb254fb8a68314daa574d61,per_fef192c31abc52749cc2a17ffa69ccf9,councillor,toronto_city_council,ward-19,James Dann
can_fdeaeb255a9e586fb9775fe5bb8f011b,,councillor,toronto_city_council,ward-19,Nate Erskine-Smith
can_b9fb3eab61b757b1a710571de7fd4f75,per_1dcdac9c31d653cf878311e2b0cf56f6,councillor,toronto_city_council,ward-19,Fatima Ibrahimi
can_e97be54e878d51ca9bb9cc661cb90998,per_b9e697f3f19057f3810dfe09602f78cd,councillor,toronto_city_council,ward-19,Natalie Johnson
can_0d98ec79ea1f5994b1be5f4299a9f756,,councillor,toronto_city_council,ward-19,Kevin Morrison
can_0068501ce20f533fb835a21e5729c8be,per_4fcfcab22ced54d78aa8690e8d4dedcb,councillor,toronto_city_council,ward-19,Karsten Riedel
can_4c0e2d55aff7583ba1f6cdc51f910e4a,,councillor,toronto_city_council,ward-19,Mohammad Shabani
can_3554de736ce75ac09a7be824cc24556e,,councillor,toronto_city_council,ward-19,Adam Smith
can_cbe78b76e36f598cb97b5f3dbe4b3985,per_3377ede0d8cc5cb78eb35c07c7c8a2de,councillor,toronto_city_council,ward-19,Austin Vieira
can_d8ee059d9d83552781af995519361cc3,per_4cd8e8a8e87756e3a5421a79bdb610a7,councillor,toronto_city_council,ward-19,Jeff Wahl
can_63636534ebb35cacbf7c7ef87a404a58,per_e338b8f2a167546abb47a904da9fd0ca,councillor,toronto_city_council,ward-19,Devin Wilkins
can_80fa6017461554dfb309cf79180488ea,,councillor,toronto_city_council,ward-19,Jennie Worden
can_dd81ae27aeb955d18c488919aed38030,per_b662d676c176558a9b4b0fa3bb165525,councillor,toronto_city_council,ward-2,Jennifer Alexander
can_3abc8121a9a95b28bb35a3eda5b2b343,per_053b1f89a8105d269a4f1dead3416f0d,councillor,toronto_city_council,ward-2,Katie Andrachuk
can_47bbbdf2085553daba34e5d65c24be5b,per_cb9a349d2c375d6ca82d06405b9986e0,councillor,toronto_city_council,ward-2,Stephen Holyday
can_04c60fc4e6835284bedf7cfdaf3858c7,per_0be4f5baaba554eea8d8cb4a5f89f6c0,councillor,toronto_city_council,ward-3,Mihaela Andrei
can_8bff4122c9a357a2973c22d1269c6cbe,,councillor,toronto_city_council,ward-3,Anthony Internicola
can_10ee922a6726559e8a6169740c7e274c,per_4df1127545935df6850849e0b72a8759,councillor,toronto_city_council,ward-3,Amber Morley
can_1d1d36f627f25c7ba7fe126df38dce9f,,councillor,toronto_city_council,ward-3,Ted Opitz
can_b2f4ed7ace775a9e8139ab0d9a83929a,per_193d2a772322531c8411a9497cec9e2e,councillor,toronto_city_council,ward-7,Lorna Antwi
can_74a28f18b70155c09302f32954f93610,,councillor,toronto_city_council,ward-7,Amanda Coombs
can_8164ef2b771950ebbe2913e7c4b5e8fd,per_18786ecd2dc7506794ac10340a5f68f6,councillor,toronto_city_council,ward-7,Anthony Perruzza
can_3934cc2ba6395449b323ba47fdc50951,per_f560221dfe455207a9cc597093a3b671,councillor,toronto_city_council,ward-8,Mike Colle
can_7be3858047c658c0ae8432a09a65cd61,,councillor,toronto_city_council,ward-8,Liz Grade
can_93b1e0d36a1c50a8bb9593487bd47055,,councillor,toronto_city_council,ward-8,Domenico Maiolo
can_38b26e9593d45bcd991b233d966b6023,per_373ca385aeac5c228c22a7e18a497f2c,councillor,toronto_city_council,ward-8,Jason McDonald
can_a7606a11ff5a5d73807164ec4ff588cc,per_f3b8a550cc92549089fd95c6634f60cf,councillor,toronto_city_council,ward-8,Enzo Torrone
can_e8102ec23639574ba62dde7fb96743dc,,councillor,toronto_city_council,ward-8,Daniel Trayes
can_34724951cbf35ba4ab4ee1f6dfeaaeb7,per_4bee7a325c745ca6913bac25540dd1d7,councillor,toronto_city_council,ward-4,Michael Corcoran
can_17152ba06db85722b298273abc7be1a8,,councillor,toronto_city_council,ward-4,Nadia Guerrera
can_d2c1917796de58af9aa45d247ed69fb4,,councillor,toronto_city_council,ward-4,Debbie King
can_deada39a78ce5862a0252276876c1e29,per_339b9419f0ea52a495d24e112c5489c4,councillor,toronto_city_council,ward-4,Diana Chan McNally
can_3f1b6e8a272354599cc93b168756700b,per_bb73436e85f55f7b9b303ac513f30c70,councillor,toronto_city_council,ward-4,Bridget Ogundipe
can_b610b28f1ca955768fe12738cd130959,,councillor,toronto_city_council,ward-4,Adam Pham
can_7da1dd263fa15196932e0569a04de237,per_85e3ff5ef7fa5ae194b70eadd1400c91,councillor,toronto_city_council,ward-4,Andy Potega
can_7785eb542c8d56f2ab47f46223e50667,per_f466d8b4d9e7508c9f66a3aad70479ed,councillor,toronto_city_council,ward-4,Vanessa Raponi
can_d0f4c7faaaad583a99765b45f424238e,per_600382d826b65d47922da819558a211b,councillor,toronto_city_council,ward-4,Holly Weber
can_0c6dd0ca274a594d87ab96e63783ddcf,,councillor,toronto_city_council,ward-4,Steve Yuen
can_2bd1031bade45386afb939f58e00bc7c,per_2ca884fa7ffe5c61a4bd0afcbf153fed,councillor,toronto_city_council,ward-15,Rachel Chernos Lin
can_b729c717a0ba59d3ac8ac062813205fd,,councillor,toronto_city_council,ward-15,Sheena Sharp
can_37fc02e34ff951abb0a89a803e12a48c,per_80867fcda91254a190015932edd9b1d4,councillor,toronto_city_council,ward-15,Denis Tsang
can_7e516ccec6de558e864374ab0f54a18b,per_2cca1ae5a9fc5741b134683133845a2c,councillor,toronto_city_council,ward-11,Keenan Courtis
can_9d28f5119b6058edae2b5f70aee1a9f1,per_b5618095325958f5832d7662d59a59a9,councillor,toronto_city_council,ward-11,Terri Hawkes
can_81c11d896efb5f3cb9f2f8a26971b8e8,,councillor,toronto_city_council,ward-11,Mike Layton
can_b641cda5672b5d5dba7136d85fe3905d,per_8ef41f7ab84b5e5bbce86722fdc55d31,councillor,toronto_city_council,ward-11,Karina Lemke
can_14c73bbcec95563b8c78de4ac86f2ba6,per_fdb53086f6c9574e82e7b9edb6010c75,councillor,toronto_city_council,ward-11,Alice Li
can_24f337ca82a45b6a926a9be0ccb2e51f,,councillor,toronto_city_council,ward-11,Huy Lieu
can_9b6a04be85725ffb9ea8e9b71ffd793e,per_44a694262a835180adfa7ef4dacbacd3,councillor,toronto_city_council,ward-11,Gian Pileri
can_60716e6ea1e45c18abfae15a38f3d4f8,per_05dba9a6c82a59a79e554e8893297d22,councillor,toronto_city_council,ward-11,Paul Viret
can_877c97222034572c803bd91174e15c38,,councillor,toronto_city_council,ward-11,Diana Yoon
can_8b3a360570785e81ab3c20fc10b316e3,per_68605351654a514ca76b92f57fda4c79,councillor,toronto_city_council,ward-17,Jeffery Adamson
can_0a3c62f981215bf2a20a08b3860f4f01,per_4238a9a971965995ac6c577c126f8161,councillor,toronto_city_council,ward-17,Shelley Carroll
can_cb8439cf301c58499fd4a3911ee724f4,per_9eeeabcfa6c35fb2b92ae50520bcddf5,councillor,toronto_city_council,ward-17,Jethro Adir Kavod
can_64ccca5a2adb5baa8a76aa3a25c4ffc3,per_72fcb0c564655a0f9e2156e08b700feb,councillor,toronto_city_council,ward-17,Hassan Mubarak Noor Mohamed
can_5a473410816a5f52b213a9785070414d,per_bfcb11a8e9855e459ba02b77f93bb924,councillor,toronto_city_council,ward-17,Roy Samathanam
can_49ab3dd0e5e75b778006e057b8309861,per_9a69b4d46de25e3890471cf23574e3ee,councillor,toronto_city_council,ward-17,Hong Xiao
can_20a5587ffa6b53858a5bf2709b0a09dc,,councillor,toronto_city_council,ward-17,Sabrina Zuniga
can_0bf3661a802a50c19b76c270ead00c4b,per_69b48ba042025a9c97a7be4d2f57e982,councillor,toronto_city_council,ward-14,Maqsood Ahmad
can_c63e425455ab55b8ae4496922b0187f1,per_3cdc7243956c5b6099e8162f2f7326a5,councillor,toronto_city_council,ward-14,Susan Chapelle
can_f9b81dc4512a50749e9734ec9c59b79c,,councillor,toronto_city_council,ward-14,Michael Connor
can_1d3e23722c855c58af8c23fd827de679,per_756651ef7aef5ce78669c3e60694a69a,councillor,toronto_city_council,ward-14,Dennis Corcoran
can_cff300e32aa85c82b6d6d813c86e404f,per_f99eb31464f95a99ad07922b44dc8f8f,councillor,toronto_city_council,ward-14,Robb Dagenais
can_008331e48c95571bac3944272066341a,,councillor,toronto_city_council,ward-14,Peter De Marco
can_da117a7113585e409568869f9e572fc8,,councillor,toronto_city_council,ward-14,Sara Ehrhardt
can_c59ba9836c8654119e880ce50cccbf57,per_08cccfe64c025a2884bebb44003bd6ac,councillor,toronto_city_council,ward-14,George Fawcett
can_e51e90f6357e5337a7b1cfadb8d0ce1e,,councillor,toronto_city_council,ward-14,Mary Fragedakis
can_f1a0b3ceb9c25e3ab61cd5c3c29ce15c,,councillor,toronto_city_council,ward-14,John Kladitis
can_88842a79e6535a85910c35fa1524b306,,councillor,toronto_city_council,ward-14,Michael Mitchell
can_d3cdec6d9c895c7484d733c381e06cba,per_c8ac0e0284755cd29ae969addf820b2e,councillor,toronto_city_council,ward-14,Caryma Sa'd
can_49b595a977475ca1b7477b59834817c6,per_4569490f5d825a0ca8c7320b499d8090,councillor,toronto_city_council,ward-14,Dianne Saxe
can_962c3f599e2e54e0aa6629dc0c6e0324,per_7b7905136782572aa9b22c26d7bf5e3e,councillor,toronto_city_council,ward-14,Devyn Stackhouse
can_d44b873da8525f7b9d447aea2008fcd9,,councillor,toronto_city_council,ward-14,Jason Stevens
can_933dc947eb455a8089066dd426bb56cc,per_bdf2d744343d5968ab9694b534a6ad61,councillor,toronto_city_council,ward-14,Christiane Tetreault
can_f2571c0845b95d6d9a3dd7cf0b241af4,per_488ab5212b6f5c969b7ef53c775dc6c9,councillor,toronto_city_council,ward-14,Maria Voutsinas
can_d33ac7f9e10651b1907656bb2bf3d9d1,,councillor,toronto_city_council,ward-14,Denise Walcott
can_df637d433cdb5154848764bd9361cc3e,per_e2a68160de2e52a7a6af7ccc59293852,councillor,toronto_city_council,ward-20,Laikul Choudhury
can_085d492e0c8f5dd5b00585a69bee4692,,councillor,toronto_city_council,ward-20,Naser Kaid
can_9fdda0e71bd5578dab7a9bab4d7f5d4d,per_a9f196f1be635c4eaf83ff095681fa79,councillor,toronto_city_council,ward-20,Parthi Kandavel
can_8ae02ea5a5335478a6180a19d3718114,per_f51cd51857725da6a3e0b7c210441a0d,councillor,toronto_city_council,ward-20,Ariel-Rachel Karokis
can_ce185ce6e3535a058c1ead4ff5d4ed3d,,councillor,toronto_city_council,ward-20,Luigi Lisciandro
can_8bc64f019354565cb0da2f2327f4e22b,per_bc6aa953769d53e0b289a23e8fe0ef31,councillor,toronto_city_council,ward-20,Sharmina Nasrin
can_5fee70084e8d56b89a52268379c8b49f,per_dfc6148b8027523e8cca33151d8aaa68,councillor,toronto_city_council,ward-20,Mohammad Ali Reza
can_ff612ea57f085ce083280ce61577dada,,councillor,toronto_city_council,ward-20,Kevin Rupasinghe
can_dca2f5b846215effa90e0fcb0488fcb7,per_677c28b41c0b5d40a037d111f3c9516e,councillor,toronto_city_council,ward-5,Sharmarke Ali
can_d1eca4e0e50f5d39a99745b4295c8524,per_ab26c5d3c976503189ff8e2ee41db282,councillor,toronto_city_council,ward-5,Matthew Boateng
can_b1acbfa8291f56dabaf4b3bbbd63fb73,,councillor,toronto_city_council,ward-5,Daniel Di Giorgio
can_626f27bb0fab5630a02fa0cca0cdc465,per_23e20fcdba8b573091d3e9efdaccfeed,councillor,toronto_city_council,ward-5,Maryama Farah
can_9186870604e050cb8245c88dfdbd51a2,per_7c4fecf3a6995b89a6092fa653e1391a,councillor,toronto_city_council,ward-5,Ahmed Mawel
can_f368a3e52d0e545bbb6ebae997fb1bdf,per_d476ff1e2e605a88914636edbdfcb79a,councillor,toronto_city_council,ward-5,Frances Nunziata
can_c8050c7f04c854c887993a47e90fe2eb,per_8e7c76c97bfb56058c1d98711c98a0cf,councillor,toronto_city_council,ward-5,Nekpen Obasogie
can_b598ffa20c5d5582a75c1d178fa5047f,,councillor,toronto_city_council,ward-5,Chiara Padovani
can_a120469102205813ae3b3f17bc67ff63,per_7f5b613e8ef75fd0b1237135f121924d,councillor,toronto_city_council,ward-5,Sileen Phillips
can_89396de2f8715f4898764527bf3b5b56,,councillor,toronto_city_council,ward-23,Shaun Chen
can_4ae18d5f140d5601bcef68562caa0f77,,councillor,toronto_city_council,ward-23,Han Dong
can_f5da7c35e68559f8a9707ffc6f81c3ca,per_893233e01a2f5f12a8d69ca812ed91db,councillor,toronto_city_council,ward-23,Sajawal Javed
can_10c6716fcbb35627813e61e592a5f883,per_b5f8aef2eca1563ba7620135d3c330c5,councillor,toronto_city_council,ward-23,Kevin Li
can_7e48ff22e1285e67b903e960711b588f,per_b5382bf239c9521faee4a4a38f1a7e1c,councillor,toronto_city_council,ward-23,Jamaal Myers
can_34a45a0d23755b539cb5cc81c6d4ee9f,per_771051296cef56d8982370ecb29a6a64,councillor,toronto_city_council,ward-23,John-Mark Oleh
can_97187c62bfba5d18a4f708ae4246c096,per_688328d658375e0d9ad724157ba8edc3,councillor,toronto_city_council,ward-23,Ronald Phen
can_9499cbccd5485fcb9d85843d8a681a5e,,councillor,toronto_city_council,ward-23,Piravena Sathiyanantham
can_43b902d7e35c5ba797370fa0395d6d7a,per_93dd2a3cb85f59acb3d5ea5a67b3801e,councillor,toronto_city_council,ward-18,Lily Cheng
can_c7f144bad08852c5a53a17e52d0796bf,per_5e447b38872c56e2b9840e69d6951483,councillor,toronto_city_council,ward-18,Nicole Daneshvar
can_1b62b6d9ae8e568b9c7992acb414a5dc,per_106ce37e7e26584184cab7c1a3428bc0,councillor,toronto_city_council,ward-18,David Magazzinich
can_e54d130671ef5afba5ebe274be312d1e,,councillor,toronto_city_council,ward-18,Hamid Shakeri
can_be5a9dce794c55b1adf411c3b1df8dea,per_d7e91b5485715b68afb4a7943c9a5d6a,councillor,toronto_city_council,ward-18,Nathan Yusifov
can_450e3113e42453509be01c717ba16606,per_0fc4da45af0452739469061842a28573,councillor,toronto_city_council,ward-18,Ardeshir Zarezade
can_ecf4df0199ec5705ba41e05a927fabd8,per_9cc037db9a925b1d8b1e15c771936627,councillor,toronto_city_council,ward-21,Taiba Ahmed
can_4fa46fa2cf1458f9b5c22cec983c3db6,per_2649f900d86f5ef0ad2d07236923de8b,councillor,toronto_city_council,ward-21,Bahareh Barahmand
can_7ddda9713509503984a3a8b6e5426c03,per_64480eeec1525685a68c7629cc27dd86,councillor,toronto_city_council,ward-21,Patience Evbagharu
can_85fbe2389397564d83696c9cf72e4a62,per_fb4ca92a498957788a0fd3fcb57a2015,councillor,toronto_city_council,ward-21,Uthish Ganesh
can_3f4c0c016a4c557caa57128cdaa33f45,,councillor,toronto_city_council,ward-21,Stella Kargiannakis
can_0a0739d363f258819435fe0ade2f9b19,per_c3971df993cc52c7877fd2957d97782e,councillor,toronto_city_council,ward-21,Akina Lalla
can_348d51aa446659e096d6b097a8252513,per_14f229e5e456583691e4ae55f3b56daf,councillor,toronto_city_council,ward-21,Nisha Kumari
can_841f609c943253f8a262ab6feba9f722,,councillor,toronto_city_council,ward-21,Willie Reodica
can_e2eed01d424c51a291289376e115e7b1,per_08d598df0ecf5a1286a61eeec917d827,councillor,toronto_city_council,ward-21,Madura Shanmugaratnam
can_71d0b0ede70a5a45a0f3ca553a2c73b0,per_d6e9f3947fda53a490136416df97c3cf,councillor,toronto_city_council,ward-21,Michael Thompson
can_a62cbdb903f75afe8bf55d16a086c071,per_c3a89597f4da5971a9ed022b6592ddf5,councillor,toronto_city_council,ward-21,Krissan Veerasingam
can_3d4211d87f3a5bfcb1ab8ba8e9e5ae45,,councillor,toronto_city_council,ward-1,Abraham Abbey
can_8d196d683b055703930ddb75011c8eec,per_80b9627dbaf15fb18e0bbe5ee140d2fe,councillor,toronto_city_council,ward-1,Ala'a Adib
can_82b386fc59c552f5a3a159fd624b6348,per_8dda96a820ae59e384e8f14e7b7beb2e,councillor,toronto_city_council,ward-1,Saima Babar
can_e6be2215757451db85e79f587b054f77,per_3d3501723d055766800769f77751b3bf,councillor,toronto_city_council,ward-1,Chloe Brown
can_adcacf84e3005896a5c773986a552c96,per_bb140e42ff6750dc95adfa2785ffef68,councillor,toronto_city_council,ward-1,Vincent Crisanti
can_e4ccfe6039be52f48ec4a5193a8d1f6c,per_9639b20905d35b23ae995364d1782da2,councillor,toronto_city_council,ward-1,Norman Hamilton
can_a026d04959635acfb5ab4df36ef1a16b,,councillor,toronto_city_council,ward-1,Joseph Martino
can_b5b7094d4f3f5587be2d1398c37769e8,per_e04c59f836b85d3983433197379d4275,councillor,toronto_city_council,ward-1,Nathen Masri
can_c9594ca30dfd58b488098efdd3f1de62,per_e1b5511ae794591686f343715332cb57,councillor,toronto_city_council,ward-1,Hard Parmar
can_592ac14a3fc8533381be7f9092e85458,,councillor,toronto_city_council,ward-1,Kristian Santos
can_94979378bca450f09d9c25e74db7807e,per_c2a43d1124c7560ab08e6c31dc8da9ee,mayor,toronto_city_council,city,Imad Abdulkadir
can_2e019fda2c64561e8b92b2c905a2585e,per_46779385ba305d05b1ac1b31a7e7f8a4,mayor,toronto_city_council,city,Bahira Abdulsalam
can_b43d9b5795cf5aed9b587a956e49951b,per_345dd6a9ee645c0bb5a8ade615f91579,mayor,toronto_city_council,city,Chris Alexander
can_1e9223164ae85589a40d5c27b1004c93,,mayor,toronto_city_council,city,Jamie Atkinson
can_b71a736235545b8f8df2a3e196126428,per_d8dfddfb642358e299f4b428292666bf,mayor,toronto_city_council,city,Brad Bradford
can_78d2d90590f25246a4c4059b5f3a5736,per_c9c0901bc0155b70a0b03ffa5c01a2ac,mayor,toronto_city_council,city,Darrell Brown
can_097745cc355459f6b63ecd505094cd64,per_25eb809ff24a5bef9bad4993816a6bcf,mayor,toronto_city_council,city,Brian Buffey
can_5cfd62de1fc35b858be03962fb88f01a,per_84fc7c7d2a4f55a7a99126fbe8a7dfdf,mayor,toronto_city_council,city,Braeden Chow
can_24054bba2bed56dab41293ec7d138d41,per_a4291ca7539b53e2acc1c4f108bc73e6,mayor,toronto_city_council,city,Olivia Chow
can_add6b13c697e571b946a9f304c46723b,per_5639f3389cb55fc2a2f0738002e3925f,mayor,toronto_city_council,city,Logan Choy
can_34ef58fec10453ec87a52c54391d0076,per_546a50310fbe5401a126a3864d97fbb3,mayor,toronto_city_council,city,Kevin Clarke
can_35cd7fdef9185f108c07669c0c02a3f4,,mayor,toronto_city_council,city,Paul Collins
can_bd7a432d37f95590b5e5985444edefa1,per_1b9b9e8787a65865bd53e6d237925fa2,mayor,toronto_city_council,city,Alex Cruze
can_fb0ad10ecf0a5445bd5d89edd05589e3,per_cb3f9ef53dc15ef292a76f292bbc8002,mayor,toronto_city_council,city,Roberto Curto
can_b0feb9eb4d795071bc35ae1040f07db6,per_2ecb615c8e5158e8a2530743ad2e30e5,mayor,toronto_city_council,city,Laura Dean
can_e6b3391412bb5303a15fa841aa0fd248,per_fee676443417560dabcacf61aa50ded4,mayor,toronto_city_council,city,Habiba Desai
can_94360a20cd655445812073e2b15fd7cb,per_6dbd346ddaba5349b1188f1bbd6e5478,mayor,toronto_city_council,city,Cory Deville
can_390615a47c3851bea46fa40dcfa540c0,per_73f81f86fbf957b6be760800c99853cc,mayor,toronto_city_council,city,Wincess Dorville
can_665e34a2e1bd53efab17596e5ab65b9d,per_aa60ea68aa015500b5b0546b0837ce2a,mayor,toronto_city_council,city,Laura Ellis
can_a169bac534c9535f8b40909b8e3f19c3,per_b81f3e402324549882cef8492a4e0745,mayor,toronto_city_council,city,Martin Fraser
can_c046dcbb9b5e5acea6b996edbc473dc2,per_3a31776c012253df85dd35d7e0aef86e,mayor,toronto_city_council,city,Alton Frederick
can_52f3f65dbd5a5867b98898a8500161d5,per_424fd6af33ed5e0bae4177a42cde6c21,mayor,toronto_city_council,city,Edward Gong
can_362007245309529aae22fb4337f1262e,per_9f8b0af56ed95379ac598bccf437dd89,mayor,toronto_city_council,city,Faizan Haider
can_dfbeced4bfdb5a9d821dcbc84ff00dd5,per_6fdb7e0231c45c84801f0f040c1088b4,mayor,toronto_city_council,city,Thomas Hall
can_86878b8fd0dc57479f5522bfc8a7c948,per_5542c2a9da75521a8c92b062a2f48b33,mayor,toronto_city_council,city,Peter Handjis
can_5dc03ec1bf9550ac94e5bbfe7966978f,per_99915647a3e7513a95eb72aab24c8a69,mayor,toronto_city_council,city,Jack Hartley
can_59eec357859b52a9a96e7dc149a071cd,per_50d5d6394aae549ebb2f7c7883715b93,mayor,toronto_city_council,city,Heather He
can_90169e7ffaf85a4e960346e2c761b66d,per_3458e4496919507bb710f0727449b78a,mayor,toronto_city_council,city,Mohamad Kaaki
can_f49e85b1a9455d14828c28d4887d9385,per_3c0c7b3ad7b154e5911d580ac13921c5,mayor,toronto_city_council,city,Georgios Kalkounis
can_d9ffce039e2f54399af3767b9150b791,per_4ee5203845785b8885d26c28dc74925a,mayor,toronto_city_council,city,Isidoros Kyrlangitses
can_30299920681c5c8096c4bef93afac059,per_c08c931ffbde58c79e8374fe1f60915b,mayor,toronto_city_council,city,Michael Lamoureux
can_3a1a6b619cf050e690cb6578dee57012,per_7cc9cda1dc6e54848e9afd44a18eeccc,mayor,toronto_city_council,city,Rick Lee
can_28879fdf67165467a81c42c6446b5cd3,per_df6f6d041e1e5af69026e62bd466dc61,mayor,toronto_city_council,city,Reagan Levermany
can_8560c3a40a9e572aa2d5c00c09933b85,per_ef81e3a7e765571d81251c1904f93a18,mayor,toronto_city_council,city,Eddie Mayanja
can_bc5a823575885135bd3bd49999e4bcc5,per_95cd5c92c035574ab823643b45e8a5ae,mayor,toronto_city_council,city,Sarah McVie
can_9f90d447ddbe5c97bbdac9c3096089fb,per_99ee11f9eaf95b5b8154b23de4970dc2,mayor,toronto_city_council,city,Francis Mercieca
can_d1c1dbd9dfa95c2280361e1b54640094,,mayor,toronto_city_council,city,Joseph Osuji
can_4da98e5abddc51ceb2a0eca7fc79c228,per_56060d2725565733b8f3a78855fc0c25,mayor,toronto_city_council,city,Odessa Paloma Parker
can_8a1f2fdbcf8a596f87ed81adafa3eeca,,mayor,toronto_city_council,city,Gus Prokos
can_c4c8d5930213597eafa645ae61af7e4e,per_ec5f622a33165dd5b165983d27fc0023,mayor,toronto_city_council,city,Faisal Razi
can_eb3a632108425f9caa031590ec36385e,per_2d8d7f89c2c15234878f7423b5e0bd51,mayor,toronto_city_council,city,Amy Rosen
can_02f4555121c15b8abb384f5b2c886b56,per_af9b42612918591ca5bd5d03c1927be5,mayor,toronto_city_council,city,Lyall Sanders
can_627d3742fe25534cb96e3e6cee6388c8,per_75e08922e6a85f35bf2ca1f2c5d3a194,mayor,toronto_city_council,city,Naomi Sayers
can_725c2f7ae1e052caa5db6c997d6e1949,per_8c7425f72b6a5bcda1ef216826467f2d,mayor,toronto_city_council,city,Robert Shusterman
can_5921308ec09156fb9428cf16c4ccb415,per_bcfbb71d06325ab69c98fd92e7da065f,mayor,toronto_city_council,city,Sandeep Srivastava
can_501a2363de0b5db0afdbb7ea9087df9a,per_3a2fd4dcc9125d67af5b628373f21fcd,mayor,toronto_city_council,city,Weizhen Tang
can_d0e3e19e9c5759d1be096ef4e0595e34,per_1288a80fd75c55fbb612c6d5100f49b1,mayor,toronto_city_council,city,Joshua Thompson
can_d082e7a701b053cfbb86a7ceadb00884,per_47e3d72824bb55a081b7327258cefcd2,mayor,toronto_city_council,city,Kuo Yu Tong
can_c9515855307457fbb210926528eaf9b7,per_c64b2651882e5e9ab548d42a7da31538,mayor,toronto_city_council,city,Jeffery Tunney
can_6091cf8156f452e99906f835b4ab0eb5,per_2d58661c3d25577680d67e2f3fde5c30,mayor,toronto_city_council,city,Jack Weenen
can_b6d6bb5130b458ccba39311d9df774f8,per_fd539a88bad85a4facc5b6f893812943,mayor,toronto_city_council,city,Henoke Yohannes
can_cb430f5236095516b8b63070dc4a0932,per_831b75aa04085c9282b33fc80c12a770,mayor,toronto_city_council,city,Leila Yohannes
can_fa4a0945f8fb5c4d95bd4ff81c45cf0b,per_16d5152df0775d07944dc7b9e901c0c7,mayor,toronto_city_council,city,Mostafa Zandkarimi
can_4b90bb3f92415cbeacd9c49294844657,,trustee,toronto_catholic_district_school_board,9,Rosina Bonavota
can_62de67b8b5ec5d119f07221a40f6132a,,trustee,toronto_catholic_district_school_board,9,Renato Fallico
can_3aa1d130e8f3503c941983d9258b7fb9,per_20c03379c8e55a0d9f0896b492aeabe4,trustee,toronto_catholic_district_school_board,9,David Le
can_fe42206a6fe95bdeb68178b4e8826d73,per_d4fd43c85f57536d8660289229689293,trustee,toronto_catholic_district_school_board,9,Jonathan Santos
can_1161ca93a4615c7698106e70b18a5d53,per_5e54b43896845a13823ece555800b50f,trustee,toronto_district_school_board,11,Dedan Deus
can_7aab9acba89353a7a68beeb8345c4884,,trustee,toronto_district_school_board,11,Angus Grant
can_d4c1bd7d367e520b8bbc362ec0f3fc2c,,trustee,toronto_district_school_board,11,Dameon Halstead
can_bb43967e9b9856a8a1afd8e3e33a0aab,per_b0f8c851c92c556b819e6d4041e70f89,trustee,toronto_district_school_board,11,Curtis Jack
can_c653fe3a72c05a0caeb56eee3eb8fd12,per_cd708cc70d2157b489bebcd8d795de01,trustee,toronto_district_school_board,11,Abdul Azeem Mohammed
can_4eae390042ec54b1ac198df07635ab16,per_d2a670d7a1285943a20b7ad9e866f278,trustee,toronto_district_school_board,11,Ravicha Ravinthiran
can_980559d390bb5a989f597daa3a932014,per_1746d5ad37245cee960b86ef19a17377,trustee,toronto_district_school_board,6,Stacey Cline
can_caef49e28ab35c5fb3a3711fd31a5bbe,per_769ae064e1ca5bbca67965da0560c048,trustee,toronto_district_school_board,6,Saherla Osman
can_b6cae47cada7527bbcbba6257c5ae67e,per_311f804e0080520a9dce6ab5ccff78a4,trustee,toronto_district_school_board,6,Sarah Smithies
can_b224bbdcb6f75bf9ab2e818f00be2435,,trustee,toronto_district_school_board,6,John Vassal
can_7a668b3b98d35daa915ae28fc4204ae2,,trustee,toronto_district_school_board,10,Malik Ahmad
can_3fd9bf5aab3652fc8710e2fb9b72e168,,trustee,toronto_district_school_board,10,Azim Dewan
can_8076abf4a10552f8bb04fa484ec74c3d,per_6cc973f9489458b4880cfb3a86e143ec,trustee,toronto_district_school_board,10,Karen Emerson
can_2c8f5a36cc6057549899360a49a4182a,per_5749a32fa0a05498aa34ae5071f37f1c,trustee,toronto_district_school_board,10,Ahnaaf Hassan
can_f522f78a24de5f9195043e5091a4906e,per_e2207d758b4b5d44bfd82a9b7c6397a2,trustee,toronto_district_school_board,10,Md Sazibul Islam
can_860f8fe35a785ef1b8adc09927d517da,per_9bab7131b4ce5537801259275f1ffdc5,trustee,toronto_district_school_board,10,Glenn Kremp
can_f45567e7c92656f88222bb24d854e9a9,per_88e4fbe8e92f55329b7b2f5b1d978e42,trustee,toronto_district_school_board,10,Shawn Li
can_990783c8b1b75211892caa7a4326511e,,trustee,toronto_district_school_board,10,Jocelyne Poirier
can_5f7f158aef535d02960dc4c058b3359a,,trustee,toronto_district_school_board,10,Marisa Sterling
can_0bec302f9a5656f68d9317faf79bd81c,per_560f8e733f03582da9f59904430cc506,trustee,toronto_catholic_district_school_board,6,Frank D'Amico
can_be841f8d506757cfb0c1b93dd102e85f,per_6565a5b11fc255299b2d7ddd744ad643,trustee,conseil_scolaire_viamonde,4,Geneviève Oger
can_dd2201161043523fa07a932b7990349a,per_c13ac5915f01555b82e9e978d415e719,trustee,toronto_catholic_district_school_board,2,Sara Concordia
can_b9b5b55f5f265132afd62fd721c56705,per_708b2db06a7a5192842e697cc167a88b,trustee,toronto_catholic_district_school_board,2,Markus de Domenico
can_c43ef763892b58168e61705d887e1c97,per_4fd87e6b870e500d92009bb5ce7af7c1,trustee,toronto_catholic_district_school_board,3,Ida Li Preti
can_2975279df8ce5342b8cf405d186453ca,per_8fb70544db8b5c37aacad9ea906ac6c3,trustee,toronto_catholic_district_school_board,3,Susel Munoz Plasencia
can_0f374e3c7faf50efad35d99d3ded7c81,,trustee,toronto_district_school_board,7,Axel Arvizu
can_01172eb55cf256048374d94ac7781410,per_76ceb4bd77eb5da7837ab422228e4680,trustee,toronto_district_school_board,7,Gladstone Cherrington
can_ebe410d080165a28b82f117b6af06140,per_5d9b1cbc232752a6a673870fddc99816,trustee,toronto_district_school_board,7,Adam Golding
can_ea87f678374751f0983b5f6848ce6b59,per_b736edeec5c8510383cd04ff43bac257,trustee,toronto_district_school_board,7,Tasha Kheiriddin
can_76567c8edf995fafadd960dfba8bfc6a,per_97b70f56576e528697f539ab3d083a9f,trustee,toronto_district_school_board,7,Nasir Mohammad
can_3f03082b897b5f678b63116eaa7b9871,per_14068f8b7b7e5df097881049c65b40b6,trustee,toronto_district_school_board,7,Shaffni Nalir
can_9d5866ae07e957428f16ad530a1999a4,per_2dc5c0d376c45fa399f3a497f8d5606a,trustee,toronto_district_school_board,7,Theo Nazary
can_eaaf331141da5743a5e9fe87cbfc73e4,per_cfcdf6426cf35730a107cfb957785eff,trustee,toronto_district_school_board,7,Deborah Williams
can_e42ba466410057ac951b8a14440c49c6,per_5124028b1b8e5ca19750424dbddbfb69,trustee,toronto_catholic_district_school_board,4,Maria Borreca
can_4b9c0c3975265308b0e050b612a05da2,per_827dfbbda6c25a57a8de7b4f80cb870a,trustee,toronto_catholic_district_school_board,4,Peter Fracassi
can_e51ffe35a51f5794b51c81ab5ad77cbc,per_0277eb81ad4d5dc7a2bc6e55e4756875,trustee,toronto_catholic_district_school_board,4,Teresa Lubinski
can_333b58acfcd252b9b730bdee59c14909,per_ca052c2f0bd9559f94fd70dcec007cff,trustee,toronto_district_school_board,12,Safiya Ansari
can_607efb391571594e977ad02672037327,,trustee,toronto_district_school_board,12,Darren Frake
can_7b4b0ea086df596fbb7d773fc59d64ef,per_81d5689e16db5b7da90c275c5fe99914,trustee,toronto_district_school_board,12,Aria Garcia
can_5b869f11c2e7501e8360fe5110cb4c1e,,trustee,toronto_district_school_board,12,Gary McBean
can_57ef18de278e5abdabf014c172641e96,per_062d25cea042519c952735824b040b36,trustee,toronto_district_school_board,12,Vimuththan Nantheeswarar
can_e774167e9f6c5178b56326acdfda9279,per_3512f056afe85c658d9d3ddea6a20eca,trustee,toronto_district_school_board,12,Ketan Purohit
can_c9f5d329538656ab8517f5c70c4b6939,per_3c246b205ffd55298633b81a804f8b82,trustee,toronto_district_school_board,12,Anu Sriskandarajah
can_50bb1753ca4b578ca50b7ae0fc5a3cb1,per_008f650ff9bb5b2badf1507ac0d58280,trustee,toronto_district_school_board,12,Sherri Williams
can_f06a857d2fc055c8bdcbd1222e6a13ba,per_6eacbd29fe695981b565ae791e9102b6,trustee,toronto_district_school_board,12,Marcia Wilson
can_00559d83c281555b8fb8ef52039a18c3,per_a260196af7e75abc85b6e818c7aa19da,trustee,toronto_district_school_board,3,Matt Banninga
can_30a3b17f2636579aa3e5b4bf92256517,per_7bbd5f498ced5b5890498a19391cd363,trustee,toronto_district_school_board,3,Daniel Choi
can_d1935130d0db55959dd7c5c1988ba9b3,per_f8e87f6e60a5572da5a66143af184f01,trustee,toronto_district_school_board,3,Alexis Dawson
can_0fafd29d4a225baf98cecc410765a8c3,per_e8e209d2b0825e7d9fdde3275a2b3785,trustee,toronto_district_school_board,3,Christina Gural
can_f26542d736ec5d39ba661dbefd895ea7,per_e5e9e4995e9e5177890d1fb60f67265c,trustee,toronto_district_school_board,3,Fatin Ishraq
can_87d3e98df80d51819382dc33965bc920,per_463ffadd9a6559b7b3aeeaf2372683d9,trustee,toronto_district_school_board,3,Justin Mensah
can_d6ebf240b3f35a67acc9e1ffc80d4ddf,per_74720b07b18859e3a62f1b68796a2968,trustee,toronto_district_school_board,3,Andrew Waters
can_68adaabd04ca53548df0dd7eaf2158c8,per_6e5264a02e435db687e3c35b85f7b8e4,trustee,toronto_district_school_board,3,Jennifer Webster
can_d4ab584a9bbd5256acfef42edaf29d1e,,trustee,toronto_catholic_district_school_board,5,Gianfranco Cristiano
can_bcfeb2fa3b35551290bbd95e4de965b1,per_398a476f8e6a527f9ca5370d45d41886,trustee,toronto_catholic_district_school_board,5,Maria Rizzo
can_6c24eafe36fc5421b1f20a497568e3b3,per_8cd764f7eeba54f1ad373f4813ab33c2,trustee,toronto_district_school_board,9,Carey De Pass
can_87691f4eaa3b5fad89bc09b6719b79e5,per_2d23abe818995711b696fd8b8f2af4ed,trustee,toronto_district_school_board,9,Christopher Mammoliti
can_225459bb53e25835a16c1731cd216699,,trustee,toronto_district_school_board,9,Bill Wu
can_b400c405df765e08a0a6a8644aaa701d,per_dcf81aa9f2785dfe91089150ec4ccddc,trustee,toronto_district_school_board,9,Sonny Yeung
can_0977564d534e5317abbd4b3955f27b83,per_edcc41390a185b6fab49aaca01070fce,trustee,toronto_district_school_board,1,Rosemarie Bryan
can_d408d29fb4c353eb9f90086e7df9836c,,trustee,toronto_district_school_board,1,Antonius Clarke
can_3224e16ce5535e459bc5e4b8f8214aff,per_a7d99bd4713856f0b911d07aef6c31ef,trustee,toronto_district_school_board,1,Matias de Dovitiis
can_2f91a36290e058ea8f377bacce7ea2ff,per_28aee1cff92751488df840b788c6aebf,trustee,toronto_district_school_board,1,Dennis Hastings
can_de9b983c8f4d56819344555bfa37b15f,per_add9588393e452dfa16b41b0b0d5826c,trustee,toronto_district_school_board,1,Amberley Ryan Henry
can_01a1f4255c465a66ae1e93b82ef01b63,per_3b8429006cd55d61a82cb684a467ec0c,trustee,toronto_district_school_board,1,Lakhan Kang
can_614647480cb456b4acff2b95864b823a,per_71d9ef804ac150c19f85fabaa83a7ada,trustee,conseil_scolaire_viamonde,2,Benoit Fortin
can_61fa7af81c8957a0b39ed8104548795f,per_752b7d7461ed56958c2f8873b66356d2,trustee,conseil_scolaire_viamonde,3,Jean-François L'Heureux
can_f1195ba08c7e563a8ac820d7773ed670,per_5119619cdfcf549caabec5d2986dc739,trustee,conseil_scolaire_viamonde,3,Anna-Karyna Ruszkowski
can_f0fb2688068356ad9277ff0a7a01a2f5,per_ba3fbf31a9fe5c73b9c487c8c1868c7e,trustee,toronto_district_school_board,2,Timothy Ellis
can_dfc9ea28b5d053e4bfd0d7f836e1761c,per_c86c60c8729959eb8d31eab56f9ba4bd,trustee,toronto_district_school_board,2,Ivan Voitsytskyi
can_ccf2917813195c81bfabc1dbfeeebfb3,per_4680abc205d9524e91d40d0e5ece5d24,trustee,toronto_district_school_board,2,Matthew Zaffino
can_9b9511aaebde561a82cfbb130bb8d0b6,per_c5a0ed9f32ce542daae2171d3c5fe66c,trustee,conseil_scolaire_catholique_monavenir,4,Rhea Dechaine
can_e7c787f550605ea09c7eb8e0a4972aef,per_07180fa9e49a5acab4bb252d2b3b0c9c,trustee,conseil_scolaire_catholique_monavenir,4,Clescadine Gustave
can_6564e3e01a3c506b880b505fb4c79615,per_e740afb661d55956804d6b2523a42e9b,trustee,conseil_scolaire_catholique_monavenir,4,Derek McNulty
can_2ce1f567f57052e09357e59dd3ac8cec,per_e1d42d0877bf5294a22e35c92f2ae7ca,trustee,toronto_catholic_district_school_board,10,Rosanna Araujo
can_a914bd264614594fa4f70250bd565593,per_d84cdebd27ac58d6ac0a955e783b9ede,trustee,toronto_catholic_district_school_board,10,Teresa Colonna
can_202423c400a55a29b4aeabbd24a546b6,per_0e15b12e445654fe89e447656681f11b,trustee,toronto_catholic_district_school_board,10,Stephanie Loor Ruiz
can_489331f6970f5c4cae48691377937359,,trustee,toronto_catholic_district_school_board,10,Sal Piccininni
can_578ca769a6ce55f68cce5609ee2d0a36,,trustee,toronto_catholic_district_school_board,10,Paul Salvatori
can_292fef10530b5163a82e65c79829e541,per_01cb9cf02dc6551cbfbbc98756af4fd0,trustee,conseil_scolaire_catholique_monavenir,3,Josiane Aboungono
can_98881d67eba65ad08f3713f8be9fa98e,per_30c1e6230c2b5d84b5c5e98f0dc86d17,trustee,conseil_scolaire_catholique_monavenir,3,Yelena Nichilo
can_633c21ab1fb85a4d8e053f67b033741f,per_c9e8a478bf1d53dca76b16b558c8ae3a,trustee,conseil_scolaire_catholique_monavenir,3,Angela Ogang
can_656fcfdc512c5d22b05715336b449ee6,,trustee,toronto_catholic_district_school_board,7,Celine DiNova
can_19957a0f657f53778c8d080c975d3a6c,per_e5d95e47dee256a086927899e0539829,trustee,toronto_catholic_district_school_board,7,Marissa Largo
can_3c5cf71c069a58b5802a61568489e9b3,per_b1e037542ccb51439b82c5f1d80907dd,trustee,toronto_catholic_district_school_board,7,Gregory Rodriguez
can_6b662e46d4595c758ff1692fdcc69824,per_a451ee8fc0a55f6db7bb50e28ac5475a,trustee,toronto_catholic_district_school_board,1,Jennifer Di Francesco
can_ce2847d87160597bb60ecb945f851a26,per_649dc6c63dc553c0bd708bbf7c40c51c,trustee,toronto_catholic_district_school_board,1,Maria Dias
can_fbfd95dc861f59e3a88736d6aeb23bf3,per_49e3f7aa70e75f86af7426909f02bd74,trustee,toronto_catholic_district_school_board,1,Robert Pella
can_822c91dc5b7859f3bffaebc49cb4a0ed,per_3d2c9a52b03a5cf7882be8d988fd1c58,trustee,toronto_district_school_board,8,Tracey Haddleton
can_8bbdbc503f8c50d1843f6094decf28c4,per_ac4480bc7d675476a6a5d6341c1a40ae,trustee,toronto_district_school_board,8,Ibrahim Hatia
can_5e7c969bca2f5afb8c9048f5723b4519,per_b854b122d2c350ca91e6249d54c6c174,trustee,toronto_district_school_board,8,Spiros Kapoglis
can_f41f04d241c35894a49f580c4eaab821,,trustee,toronto_district_school_board,8,Imran Khan
can_89044a41dd6059df8e8c780e41562ab7,per_ef73b1c3ab9a52f496eb4c940600c274,trustee,toronto_district_school_board,8,Dewitt Lee III
can_f6cdb98f716f5927a6d7702be80db45f,,trustee,toronto_district_school_board,8,Christine McGirr
can_cf329ed10ed3594894c05b6766a5436b,per_97c8552379cd5742aaf1a3b183edfc6e,trustee,toronto_district_school_board,8,Farzana Rajwani
can_d8004d3122615bda892d893bba4560ee,per_5853689b88db555ca8a9431a01bdd81a,trustee,toronto_catholic_district_school_board,11,Angela Kennedy
can_bb720ba2d1685e488eb701b6d49711a2,per_907c105d0a2057d2ab93b46f394bbbe2,trustee,toronto_catholic_district_school_board,11,Anton Perera
can_0c6cc096ee3759faa4245e67c2840b10,per_1be729a2160d5ceb932abd9e018e84ab,trustee,toronto_catholic_district_school_board,8,Carla Allen
can_f01007545e60587691515c07e4a903e8,per_242bd8208a9b5a4283ef2d25887be876,trustee,toronto_catholic_district_school_board,8,Mary Cury Paul
can_16a76ce95d88555e9f4c4fe393854af1,per_c6100ed1c5a25fcdaa2206d06b752405,trustee,toronto_catholic_district_school_board,8,Garry Tanuan
can_4014990417345d95a6017de5bcd2c6e1,per_4a219d9d060c55239f5214d48bf24b47,trustee,toronto_district_school_board,4,Ivanna Andrusyak
can_752ab998917e5fa1b787e159beed8dc3,per_0572394a8ce55529a77a1ae64ff08a08,trustee,toronto_district_school_board,4,Brandon Choi
can_5a2aca85c3f35652ac94534b8180ca30,per_ef5ab565cd045d839b596a4233507a6b,trustee,toronto_district_school_board,4,Anthony Delpero
can_907c9762c2315f14a14ef10fa5bc0950,per_3d1e2ef403175c77b058926a66557587,trustee,toronto_district_school_board,4,Weidong Pei
can_2ad9fa52dee954d4a11c8e3bdbbbb5d7,per_9d4819cd2db25de88900ee46712abd36,trustee,toronto_catholic_district_school_board,12,Nancy Crawford
can_efde46a33f0b56afa02321b17910321a,per_f7f62338295b5d4192ad4903efd4c22b,trustee,toronto_district_school_board,5,Elina Feyginberg
can_8fcf4a8990375683ba8d7255bdf4328e,per_4b0f62673a9c5380ab3f1b42fac333cf,trustee,toronto_district_school_board,5,Andrene Gregory
can_a9f750bd470c5703b5be465e2dbc65fe,,trustee,toronto_district_school_board,5,David Gulyas
can_bc5bceaa50ee5a4fab8b14f50f41450f,per_ca9fe1534a505fcf9f279b33031cb748,trustee,toronto_district_school_board,5,Jared Kolb
can_a89be4d40dfb52bf86ec3f81bf39741a,per_471a0e894f825f4dac5106f3a2e7de78,trustee,toronto_district_school_board,5,Maureen Larkin
can_0223966eed3453f8a109f60a720eb111,,trustee,toronto_district_school_board,5,Andrew Massey
can_5d2f89362ab7548b817c10597e7bff66,,trustee,toronto_district_school_board,5,Gus Stefanis
can_b2f8da7a927653cba9608bfeb72f3296,per_2b36e8c321ca5efb8cc5b666e8f6af11,trustee,toronto_district_school_board,5,Janine Viret
can_e9e640f8a9925817add41bb96547bd63,per_fa5d1958983751a991c306efcfc75f15,trustee,toronto_district_school_board,5,Jennifer Volk
