election,file,capture_utc,seq_generated_local,seq_minutes_after_polls_close,mayor_polls,mayor_polls_received,pct_polls,mayor_votes,pct_of_final_votes,leader,leader_pct,second,second_pct,wayback_url
2018 Municipal Election (25 Wards),all-office,2018-10-29T17:26:48Z,2018-10-23 00:13:01,253,1800,1800,100.0,755493,100.0,John Tory,63.49,Jennifer Keesmaat,23.59,https://web.archive.org/web/20181029172648id_/https://mediaresults.toronto.ca/results/unofficialresult.json
2018 Municipal Election (25 Wards),wardbyward,2018-10-29T17:27:55Z,2018-10-23 00:13:01,253,1800,1800,100.0,755493,100.0,John Tory,63.49,Jennifer Keesmaat,23.59,https://web.archive.org/web/20181029172755id_/https://mediaresults.toronto.ca/results/unofficialresult-wardbyward.json
2022 Municipal Election,all-office,2022-10-25T00:13:46Z,2022-10-22 11:09:26,pre-results zero file,1535,0,0.0,0,0.0,,,,,https://web.archive.org/web/20221025001346id_/https://electionresults.toronto.ca/results/unofficialresult.json?v=4ezdnmhas7q&_=1666656825457
2022 Municipal Election,all-office,2022-10-25T01:09:23Z,2022-10-24 21:09:00,69,1535,1423,92.7,544041,98.58,John Tory,61.97,Gil Penalosa,17.94,https://web.archive.org/web/20221025010923id_/https://electionresults.toronto.ca/results/unofficialresult.json?v=07bhz3dnmqf&_=1666660162750
2022 Municipal Election,all-office,2022-10-25T01:46:28Z,2022-10-24 21:46:01,106,1535,1426,92.9,545156,98.78,John Tory,61.99,Gil Penalosa,17.92,https://web.archive.org/web/20221025014628id_/https://mediaresults.toronto.ca/results/unofficialresult.json
2022 Municipal Election,all-office,2022-10-25T03:01:16Z,2022-10-24 23:01:01,181,1535,1429,93.1,546762,99.07,John Tory,62.0,Gil Penalosa,17.91,https://web.archive.org/web/20221025030116id_/https://electionresults.toronto.ca/results/unofficialresult.json?v=g2dhqg0w6xs&_=1666666873521
2022 Municipal Election,all-office,2022-10-25T03:55:48Z,2022-10-24 23:55:30,236,1535,1517,98.8,549305,99.53,John Tory,62.01,Gil Penalosa,17.87,https://web.archive.org/web/20221025035548id_/https://electionresults.toronto.ca/results/unofficialresult.json?v=lv4sgxquwc&_=1666670145572
2022 Municipal Election,all-office,2022-10-25T13:46:01Z,2022-10-25 02:42:30,403,1535,1535,100.0,551890,100.0,John Tory,62.0,Gil Penalosa,17.85,https://web.archive.org/web/20221025134601id_/https://electionresults.toronto.ca/results/unofficialresult.json?v=r6n1ei7tamf&_=1666705560808
2023 By-Election for Mayor,all-office,2023-06-27T00:06:39Z,2023-06-26 09:12:30,pre-results zero file,1451,0,0.0,0,0.0,,,,,https://web.archive.org/web/20230627000639id_/https://electionresults.toronto.ca/results/unofficialresult.json?v=xnvyea4n0v&_=1687824397769
2023 By-Election for Mayor,wardbyward,2023-06-27T00:26:39Z,2023-06-26 20:26:22,26,1451,1221,84.1,525703,72.55,Ana Bailão,36.14,Olivia Chow,35.16,https://web.archive.org/web/20230627002639id_/https://mediaresults.toronto.ca/results/unofficialresult-wardbyward.json
2023 By-Election for Mayor,all-office,2023-06-27T00:56:28Z,2023-06-26 20:56:21,56,1451,1383,95.3,703027,97.02,Olivia Chow,37.2,Ana Bailão,32.43,https://web.archive.org/web/20230627005628id_/https://electionresults.toronto.ca/results/unofficialresult.json?v=jn0x8si3zxr&_=1687827387898
2023 By-Election for Mayor,all-office,2023-06-27T00:57:30Z,2023-06-26 20:57:21,57,1451,1383,95.3,703027,97.02,Olivia Chow,37.2,Ana Bailão,32.43,https://web.archive.org/web/20230627005730id_/https://electionresults.toronto.ca/results/unofficialresult.json?v=jn0x8si3zxr&_=1687827387900
2023 By-Election for Mayor,all-office,2023-06-27T01:24:26Z,2023-06-26 21:24:21,84,1451,1411,97.2,716814,98.92,Olivia Chow,37.14,Ana Bailão,32.52,https://web.archive.org/web/20230627012426id_/https://mediaresults.toronto.ca/results/unofficialresult.json
2023 By-Election for Mayor,all-office,2023-06-27T02:28:14Z,2023-06-26 22:27:52,148,1451,1444,99.5,722875,99.76,Olivia Chow,37.17,Ana Bailão,32.46,https://web.archive.org/web/20230627022814id_/https://electionresults.toronto.ca/results/unofficialresult.json?v=sa38fa5olp&_=1687832894153
2023 By-Election for Mayor,all-office,2023-06-27T15:07:43Z,2023-06-26 23:37:21,217,1451,1451,100.0,724638,100.0,Olivia Chow,37.17,Ana Bailão,32.45,https://web.archive.org/web/20230627150743id_/https://mediaresults.toronto.ca/results/unofficialresult.json
