election,snapshot_local,office_used,ward,subdivision,kind,final_votes_in_office,ward_fit_residual_votes,next_best_fit_residual_votes
2023 mayoral by-election,2023-06-26 20:26:22,Mayor (ward-by-ward file),1,32,election_day,506,1,89
2023 mayoral by-election,2023-06-26 20:26:22,Mayor (ward-by-ward file),1,96,ltc_aggregate_96,130,1,89
2023 mayoral by-election,2023-06-26 20:26:22,Mayor (ward-by-ward file),1,97,mail_aggregate_97,441,1,89
2023 mayoral by-election,2023-06-26 20:26:22,Mayor (ward-by-ward file),2,20,election_day,414,0,67
2023 mayoral by-election,2023-06-26 20:26:22,Mayor (ward-by-ward file),2,21,election_day,617,0,67
2023 mayoral by-election,2023-06-26 20:26:22,Mayor (ward-by-ward file),2,25,election_day,711,0,67
2023 mayoral by-election,2023-06-26 20:26:22,Mayor (ward-by-ward file),2,44,election_day,752,0,67
2023 mayoral by-election,2023-06-26 20:26:22,Mayor (ward-by-ward file),2,51,election_day,436,0,67
2023 mayoral by-election,2023-06-26 20:26:22,Mayor (ward-by-ward file),2,96,ltc_aggregate_96,200,0,67
2023 mayoral by-election,2023-06-26 20:26:22,Mayor (ward-by-ward file),2,97,mail_aggregate_97,1188,0,67
2023 mayoral by-election,2023-06-26 20:26:22,Mayor (ward-by-ward file),3,19,election_day,152,0,30
2023 mayoral by-election,2023-06-26 20:26:22,Mayor (ward-by-ward file),3,42,election_day,359,0,30
2023 mayoral by-election,2023-06-26 20:26:22,Mayor (ward-by-ward file),3,57,election_day,167,0,30
2023 mayoral by-election,2023-06-26 20:26:22,Mayor (ward-by-ward file),3,58,election_day,274,0,30
2023 mayoral by-election,2023-06-26 20:26:22,Mayor (ward-by-ward file),3,60,election_day,294,0,30
2023 mayoral by-election,2023-06-26 20:26:22,Mayor (ward-by-ward file),3,96,ltc_aggregate_96,44,0,30
2023 mayoral by-election,2023-06-26 20:26:22,Mayor (ward-by-ward file),3,97,mail_aggregate_97,1494,0,30
2023 mayoral by-election,2023-06-26 20:26:22,Mayor (ward-by-ward file),3,98,advance_aggregate_98,3870,0,30
2023 mayoral by-election,2023-06-26 20:26:22,Mayor (ward-by-ward file),3,99,advance_aggregate_99,3022,0,30
2023 mayoral by-election,2023-06-26 20:26:22,Mayor (ward-by-ward file),4,14,election_day,917,0,40
2023 mayoral by-election,2023-06-26 20:26:22,Mayor (ward-by-ward file),4,43,election_day,154,0,40
2023 mayoral by-election,2023-06-26 20:26:22,Mayor (ward-by-ward file),4,96,ltc_aggregate_96,154,0,40
2023 mayoral by-election,2023-06-26 20:26:22,Mayor (ward-by-ward file),4,97,mail_aggregate_97,1659,0,40
2023 mayoral by-election,2023-06-26 20:26:22,Mayor (ward-by-ward file),4,98,advance_aggregate_98,5007,0,40
2023 mayoral by-election,2023-06-26 20:26:22,Mayor (ward-by-ward file),4,99,advance_aggregate_99,2280,0,40
2023 mayoral by-election,2023-06-26 20:26:22,Mayor (ward-by-ward file),5,2,election_day,559,0,29
2023 mayoral by-election,2023-06-26 20:26:22,Mayor (ward-by-ward file),5,3,election_day,785,0,29
2023 mayoral by-election,2023-06-26 20:26:22,Mayor (ward-by-ward file),5,4,election_day,535,0,29
2023 mayoral by-election,2023-06-26 20:26:22,Mayor (ward-by-ward file),5,15,election_day,748,0,29
2023 mayoral by-election,2023-06-26 20:26:22,Mayor (ward-by-ward file),5,17,election_day,493,0,29
2023 mayoral by-election,2023-06-26 20:26:22,Mayor (ward-by-ward file),5,27,election_day,455,0,29
2023 mayoral by-election,2023-06-26 20:26:22,Mayor (ward-by-ward file),5,28,election_day,741,0,29
2023 mayoral by-election,2023-06-26 20:26:22,Mayor (ward-by-ward file),5,45,election_day,665,0,29
2023 mayoral by-election,2023-06-26 20:26:22,Mayor (ward-by-ward file),5,51,election_day,234,0,29
2023 mayoral by-election,2023-06-26 20:26:22,Mayor (ward-by-ward file),5,53,election_day,203,0,29
2023 mayoral by-election,2023-06-26 20:26:22,Mayor (ward-by-ward file),5,54,election_day,204,0,29
2023 mayoral by-election,2023-06-26 20:26:22,Mayor (ward-by-ward file),5,60,election_day,701,0,29
2023 mayoral by-election,2023-06-26 20:26:22,Mayor (ward-by-ward file),5,96,ltc_aggregate_96,99,0,29
2023 mayoral by-election,2023-06-26 20:26:22,Mayor (ward-by-ward file),5,97,mail_aggregate_97,739,0,29
2023 mayoral by-election,2023-06-26 20:26:22,Mayor (ward-by-ward file),5,98,advance_aggregate_98,1861,0,29
2023 mayoral by-election,2023-06-26 20:26:22,Mayor (ward-by-ward file),5,99,advance_aggregate_99,2142,0,29
2023 mayoral by-election,2023-06-26 20:26:22,Mayor (ward-by-ward file),6,23,election_day,311,0,43
2023 mayoral by-election,2023-06-26 20:26:22,Mayor (ward-by-ward file),6,38,election_day,437,0,43
2023 mayoral by-election,2023-06-26 20:26:22,Mayor (ward-by-ward file),6,96,ltc_aggregate_96,60,0,43
2023 mayoral by-election,2023-06-26 20:26:22,Mayor (ward-by-ward file),6,97,mail_aggregate_97,648,0,43
2023 mayoral by-election,2023-06-26 20:26:22,Mayor (ward-by-ward file),6,98,advance_aggregate_98,1282,0,43
2023 mayoral by-election,2023-06-26 20:26:22,Mayor (ward-by-ward file),6,99,advance_aggregate_99,2248,0,43
2023 mayoral by-election,2023-06-26 20:26:22,Mayor (ward-by-ward file),7,5,election_day,333,0,43
2023 mayoral by-election,2023-06-26 20:26:22,Mayor (ward-by-ward file),7,25,election_day,475,0,43
2023 mayoral by-election,2023-06-26 20:26:22,Mayor (ward-by-ward file),7,42,election_day,105,0,43
2023 mayoral by-election,2023-06-26 20:26:22,Mayor (ward-by-ward file),7,96,ltc_aggregate_96,62,0,43
2023 mayoral by-election,2023-06-26 20:26:22,Mayor (ward-by-ward file),7,97,mail_aggregate_97,386,0,43
2023 mayoral by-election,2023-06-26 20:26:22,Mayor (ward-by-ward file),7,98,advance_aggregate_98,1096,0,43
2023 mayoral by-election,2023-06-26 20:26:22,Mayor (ward-by-ward file),7,99,advance_aggregate_99,991,0,43
2023 mayoral by-election,2023-06-26 20:26:22,Mayor (ward-by-ward file),8,5,election_day,425,0,59
2023 mayoral by-election,2023-06-26 20:26:22,Mayor (ward-by-ward file),8,25,election_day,146,0,59
2023 mayoral by-election,2023-06-26 20:26:22,Mayor (ward-by-ward file),8,37,election_day,1219,0,59
2023 mayoral by-election,2023-06-26 20:26:22,Mayor (ward-by-ward file),8,48,election_day,560,0,59
2023 mayoral by-election,2023-06-26 20:26:22,Mayor (ward-by-ward file),8,96,ltc_aggregate_96,182,0,59
2023 mayoral by-election,2023-06-26 20:26:22,Mayor (ward-by-ward file),8,97,mail_aggregate_97,1244,0,59
2023 mayoral by-election,2023-06-26 20:26:22,Mayor (ward-by-ward file),8,98,advance_aggregate_98,3560,0,59
2023 mayoral by-election,2023-06-26 20:26:22,Mayor (ward-by-ward file),8,99,advance_aggregate_99,1912,0,59
2023 mayoral by-election,2023-06-26 20:26:22,Mayor (ward-by-ward file),9,10,election_day,620,0,24
2023 mayoral by-election,2023-06-26 20:26:22,Mayor (ward-by-ward file),9,13,election_day,532,0,24
2023 mayoral by-election,2023-06-26 20:26:22,Mayor (ward-by-ward file),9,14,election_day,247,0,24
2023 mayoral by-election,2023-06-26 20:26:22,Mayor (ward-by-ward file),9,16,election_day,369,0,24
2023 mayoral by-election,2023-06-26 20:26:22,Mayor (ward-by-ward file),9,19,election_day,281,0,24
2023 mayoral by-election,2023-06-26 20:26:22,Mayor (ward-by-ward file),9,20,election_day,863,0,24
2023 mayoral by-election,2023-06-26 20:26:22,Mayor (ward-by-ward file),9,39,election_day,956,0,24
2023 mayoral by-election,2023-06-26 20:26:22,Mayor (ward-by-ward file),9,43,election_day,31,0,24
2023 mayoral by-election,2023-06-26 20:26:22,Mayor (ward-by-ward file),9,50,election_day,121,0,24
2023 mayoral by-election,2023-06-26 20:26:22,Mayor (ward-by-ward file),9,51,election_day,288,0,24
2023 mayoral by-election,2023-06-26 20:26:22,Mayor (ward-by-ward file),9,52,election_day,216,0,24
2023 mayoral by-election,2023-06-26 20:26:22,Mayor (ward-by-ward file),9,96,ltc_aggregate_96,9,0,24
2023 mayoral by-election,2023-06-26 20:26:22,Mayor (ward-by-ward file),9,97,mail_aggregate_97,1216,0,24
2023 mayoral by-election,2023-06-26 20:26:22,Mayor (ward-by-ward file),9,98,advance_aggregate_98,3457,0,24
2023 mayoral by-election,2023-06-26 20:26:22,Mayor (ward-by-ward file),10,12,election_day,734,0,20
2023 mayoral by-election,2023-06-26 20:26:22,Mayor (ward-by-ward file),10,25,election_day,1095,0,20
2023 mayoral by-election,2023-06-26 20:26:22,Mayor (ward-by-ward file),10,27,election_day,550,0,20
2023 mayoral by-election,2023-06-26 20:26:22,Mayor (ward-by-ward file),10,36,election_day,104,0,20
2023 mayoral by-election,2023-06-26 20:26:22,Mayor (ward-by-ward file),10,46,election_day,133,0,20
2023 mayoral by-election,2023-06-26 20:26:22,Mayor (ward-by-ward file),10,94,election_day,156,0,20
2023 mayoral by-election,2023-06-26 20:26:22,Mayor (ward-by-ward file),10,96,ltc_aggregate_96,69,0,20
2023 mayoral by-election,2023-06-26 20:26:22,Mayor (ward-by-ward file),10,97,mail_aggregate_97,1902,0,20
2023 mayoral by-election,2023-06-26 20:26:22,Mayor (ward-by-ward file),11,5,election_day,823,0,11
2023 mayoral by-election,2023-06-26 20:26:22,Mayor (ward-by-ward file),11,16,election_day,811,0,11
2023 mayoral by-election,2023-06-26 20:26:22,Mayor (ward-by-ward file),11,37,election_day,120,0,11
2023 mayoral by-election,2023-06-26 20:26:22,Mayor (ward-by-ward file),11,51,election_day,451,0,11
2023 mayoral by-election,2023-06-26 20:26:22,Mayor (ward-by-ward file),11,60,election_day,768,0,11
2023 mayoral by-election,2023-06-26 20:26:22,Mayor (ward-by-ward file),11,63,election_day,18,0,11
2023 mayoral by-election,2023-06-26 20:26:22,Mayor (ward-by-ward file),11,67,election_day,772,0,11
2023 mayoral by-election,2023-06-26 20:26:22,Mayor (ward-by-ward file),11,96,ltc_aggregate_96,154,0,11
2023 mayoral by-election,2023-06-26 20:26:22,Mayor (ward-by-ward file),11,97,mail_aggregate_97,1824,0,11
2023 mayoral by-election,2023-06-26 20:26:22,Mayor (ward-by-ward file),11,98,advance_aggregate_98,3728,0,11
2023 mayoral by-election,2023-06-26 20:26:22,Mayor (ward-by-ward file),11,99,advance_aggregate_99,2244,0,11
2023 mayoral by-election,2023-06-26 20:26:22,Mayor (ward-by-ward file),12,3,election_day,646,0,11
2023 mayoral by-election,2023-06-26 20:26:22,Mayor (ward-by-ward file),12,6,election_day,1,0,11
2023 mayoral by-election,2023-06-26 20:26:22,Mayor (ward-by-ward file),12,8,election_day,939,0,11
2023 mayoral by-election,2023-06-26 20:26:22,Mayor (ward-by-ward file),12,22,election_day,826,0,11
2023 mayoral by-election,2023-06-26 20:26:22,Mayor (ward-by-ward file),12,26,election_day,882,0,11
2023 mayoral by-election,2023-06-26 20:26:22,Mayor (ward-by-ward file),12,36,election_day,989,0,11
2023 mayoral by-election,2023-06-26 20:26:22,Mayor (ward-by-ward file),12,46,election_day,326,0,11
2023 mayoral by-election,2023-06-26 20:26:22,Mayor (ward-by-ward file),12,96,ltc_aggregate_96,209,0,11
2023 mayoral by-election,2023-06-26 20:26:22,Mayor (ward-by-ward file),12,97,mail_aggregate_97,2201,0,11
2023 mayoral by-election,2023-06-26 20:26:22,Mayor (ward-by-ward file),13,1,election_day,241,0,16
2023 mayoral by-election,2023-06-26 20:26:22,Mayor (ward-by-ward file),13,23,election_day,165,0,16
2023 mayoral by-election,2023-06-26 20:26:22,Mayor (ward-by-ward file),13,48,election_day,53,0,16
2023 mayoral by-election,2023-06-26 20:26:22,Mayor (ward-by-ward file),13,74,election_day,305,0,16
2023 mayoral by-election,2023-06-26 20:26:22,Mayor (ward-by-ward file),13,84,election_day,75,0,16
2023 mayoral by-election,2023-06-26 20:26:22,Mayor (ward-by-ward file),13,96,ltc_aggregate_96,112,0,16
2023 mayoral by-election,2023-06-26 20:26:22,Mayor (ward-by-ward file),13,97,mail_aggregate_97,1710,0,16
2023 mayoral by-election,2023-06-26 20:26:22,Mayor (ward-by-ward file),14,9,election_day,558,0,55
2023 mayoral by-election,2023-06-26 20:26:22,Mayor (ward-by-ward file),14,11,election_day,640,0,55
2023 mayoral by-election,2023-06-26 20:26:22,Mayor (ward-by-ward file),14,30,election_day,1276,0,55
2023 mayoral by-election,2023-06-26 20:26:22,Mayor (ward-by-ward file),14,41,election_day,592,0,55
2023 mayoral by-election,2023-06-26 20:26:22,Mayor (ward-by-ward file),14,45,election_day,431,0,55
2023 mayoral by-election,2023-06-26 20:26:22,Mayor (ward-by-ward file),14,51,election_day,1304,0,55
2023 mayoral by-election,2023-06-26 20:26:22,Mayor (ward-by-ward file),14,96,ltc_aggregate_96,140,0,55
2023 mayoral by-election,2023-06-26 20:26:22,Mayor (ward-by-ward file),14,97,mail_aggregate_97,1698,0,55
2023 mayoral by-election,2023-06-26 20:26:22,Mayor (ward-by-ward file),14,98,advance_aggregate_98,3858,0,55
2023 mayoral by-election,2023-06-26 20:26:22,Mayor (ward-by-ward file),14,99,advance_aggregate_99,3796,0,55
2023 mayoral by-election,2023-06-26 20:26:22,Mayor (ward-by-ward file),15,4,election_day,618,0,23
2023 mayoral by-election,2023-06-26 20:26:22,Mayor (ward-by-ward file),15,10,election_day,668,0,23
2023 mayoral by-election,2023-06-26 20:26:22,Mayor (ward-by-ward file),15,23,election_day,35,0,23
2023 mayoral by-election,2023-06-26 20:26:22,Mayor (ward-by-ward file),15,24,election_day,872,0,23
2023 mayoral by-election,2023-06-26 20:26:22,Mayor (ward-by-ward file),15,26,election_day,143,0,23
2023 mayoral by-election,2023-06-26 20:26:22,Mayor (ward-by-ward file),15,27,election_day,681,0,23
2023 mayoral by-election,2023-06-26 20:26:22,Mayor (ward-by-ward file),15,32,election_day,893,0,23
2023 mayoral by-election,2023-06-26 20:26:22,Mayor (ward-by-ward file),15,39,election_day,266,0,23
2023 mayoral by-election,2023-06-26 20:26:22,Mayor (ward-by-ward file),15,51,election_day,1042,0,23
2023 mayoral by-election,2023-06-26 20:26:22,Mayor (ward-by-ward file),15,53,election_day,909,0,23
2023 mayoral by-election,2023-06-26 20:26:22,Mayor (ward-by-ward file),15,56,election_day,1144,0,23
2023 mayoral by-election,2023-06-26 20:26:22,Mayor (ward-by-ward file),15,57,election_day,1015,0,23
2023 mayoral by-election,2023-06-26 20:26:22,Mayor (ward-by-ward file),15,96,ltc_aggregate_96,84,0,23
2023 mayoral by-election,2023-06-26 20:26:22,Mayor (ward-by-ward file),15,97,mail_aggregate_97,1238,0,23
2023 mayoral by-election,2023-06-26 20:26:22,Mayor (ward-by-ward file),15,98,advance_aggregate_98,2451,0,23
2023 mayoral by-election,2023-06-26 20:26:22,Mayor (ward-by-ward file),15,99,advance_aggregate_99,1553,0,23
2023 mayoral by-election,2023-06-26 20:26:22,Mayor (ward-by-ward file),16,18,election_day,534,0,20
2023 mayoral by-election,2023-06-26 20:26:22,Mayor (ward-by-ward file),16,19,election_day,601,0,20
2023 mayoral by-election,2023-06-26 20:26:22,Mayor (ward-by-ward file),16,23,election_day,1173,0,20
2023 mayoral by-election,2023-06-26 20:26:22,Mayor (ward-by-ward file),16,34,election_day,380,0,20
2023 mayoral by-election,2023-06-26 20:26:22,Mayor (ward-by-ward file),16,40,election_day,88,0,20
2023 mayoral by-election,2023-06-26 20:26:22,Mayor (ward-by-ward file),16,42,election_day,256,0,20
2023 mayoral by-election,2023-06-26 20:26:22,Mayor (ward-by-ward file),16,52,election_day,350,0,20
2023 mayoral by-election,2023-06-26 20:26:22,Mayor (ward-by-ward file),16,61,election_day,445,0,20
2023 mayoral by-election,2023-06-26 20:26:22,Mayor (ward-by-ward file),16,96,ltc_aggregate_96,25,0,20
2023 mayoral by-election,2023-06-26 20:26:22,Mayor (ward-by-ward file),16,97,mail_aggregate_97,764,0,20
2023 mayoral by-election,2023-06-26 20:26:22,Mayor (ward-by-ward file),16,98,advance_aggregate_98,2223,0,20
2023 mayoral by-election,2023-06-26 20:26:22,Mayor (ward-by-ward file),16,99,advance_aggregate_99,1002,0,20
2023 mayoral by-election,2023-06-26 20:26:22,Mayor (ward-by-ward file),17,9,election_day,495,0,29
2023 mayoral by-election,2023-06-26 20:26:22,Mayor (ward-by-ward file),17,35,election_day,389,0,29
2023 mayoral by-election,2023-06-26 20:26:22,Mayor (ward-by-ward file),17,37,election_day,374,0,29
2023 mayoral by-election,2023-06-26 20:26:22,Mayor (ward-by-ward file),17,42,election_day,779,0,29
2023 mayoral by-election,2023-06-26 20:26:22,Mayor (ward-by-ward file),17,63,election_day,277,0,29
2023 mayoral by-election,2023-06-26 20:26:22,Mayor (ward-by-ward file),17,73,election_day,697,0,29
2023 mayoral by-election,2023-06-26 20:26:22,Mayor (ward-by-ward file),17,96,ltc_aggregate_96,56,0,29
2023 mayoral by-election,2023-06-26 20:26:22,Mayor (ward-by-ward file),17,97,mail_aggregate_97,872,0,29
2023 mayoral by-election,2023-06-26 20:26:22,Mayor (ward-by-ward file),17,98,advance_aggregate_98,1932,0,29
2023 mayoral by-election,2023-06-26 20:26:22,Mayor (ward-by-ward file),17,99,advance_aggregate_99,2844,0,29
2023 mayoral by-election,2023-06-26 20:26:22,Mayor (ward-by-ward file),18,1,election_day,288,0,31
2023 mayoral by-election,2023-06-26 20:26:22,Mayor (ward-by-ward file),18,17,election_day,114,0,31
2023 mayoral by-election,2023-06-26 20:26:22,Mayor (ward-by-ward file),18,27,election_day,580,0,31
2023 mayoral by-election,2023-06-26 20:26:22,Mayor (ward-by-ward file),18,76,election_day,138,0,31
2023 mayoral by-election,2023-06-26 20:26:22,Mayor (ward-by-ward file),18,86,election_day,12,0,31
2023 mayoral by-election,2023-06-26 20:26:22,Mayor (ward-by-ward file),18,96,ltc_aggregate_96,78,0,31
2023 mayoral by-election,2023-06-26 20:26:22,Mayor (ward-by-ward file),18,97,mail_aggregate_97,971,0,31
2023 mayoral by-election,2023-06-26 20:26:22,Mayor (ward-by-ward file),18,98,advance_aggregate_98,1333,0,31
2023 mayoral by-election,2023-06-26 20:26:22,Mayor (ward-by-ward file),18,99,advance_aggregate_99,3089,0,31
2023 mayoral by-election,2023-06-26 20:26:22,Mayor (ward-by-ward file),19,1,election_day,1023,1,36
2023 mayoral by-election,2023-06-26 20:26:22,Mayor (ward-by-ward file),19,21,election_day,987,1,36
2023 mayoral by-election,2023-06-26 20:26:22,Mayor (ward-by-ward file),19,32,election_day,76,1,36
2023 mayoral by-election,2023-06-26 20:26:22,Mayor (ward-by-ward file),19,35,election_day,991,1,36
2023 mayoral by-election,2023-06-26 20:26:22,Mayor (ward-by-ward file),19,37,election_day,780,1,36
2023 mayoral by-election,2023-06-26 20:26:22,Mayor (ward-by-ward file),19,38,election_day,649,1,36
2023 mayoral by-election,2023-06-26 20:26:22,Mayor (ward-by-ward file),19,41,election_day,573,1,36
2023 mayoral by-election,2023-06-26 20:26:22,Mayor (ward-by-ward file),19,43,election_day,854,1,36
2023 mayoral by-election,2023-06-26 20:26:22,Mayor (ward-by-ward file),19,48,election_day,396,1,36
2023 mayoral by-election,2023-06-26 20:26:22,Mayor (ward-by-ward file),19,62,election_day,728,1,36
2023 mayoral by-election,2023-06-26 20:26:22,Mayor (ward-by-ward file),19,63,election_day,1006,1,36
2023 mayoral by-election,2023-06-26 20:26:22,Mayor (ward-by-ward file),19,96,ltc_aggregate_96,139,1,36
2023 mayoral by-election,2023-06-26 20:26:22,Mayor (ward-by-ward file),19,97,mail_aggregate_97,1650,1,36
2023 mayoral by-election,2023-06-26 20:26:22,Mayor (ward-by-ward file),19,98,advance_aggregate_98,3167,1,36
2023 mayoral by-election,2023-06-26 20:26:22,Mayor (ward-by-ward file),19,99,advance_aggregate_99,3138,1,36
2023 mayoral by-election,2023-06-26 20:26:22,Mayor (ward-by-ward file),20,56,election_day,618,0,92
2023 mayoral by-election,2023-06-26 20:26:22,Mayor (ward-by-ward file),20,63,election_day,616,0,92
2023 mayoral by-election,2023-06-26 20:26:22,Mayor (ward-by-ward file),20,96,ltc_aggregate_96,193,0,92
2023 mayoral by-election,2023-06-26 20:26:22,Mayor (ward-by-ward file),20,97,mail_aggregate_97,868,0,92
2023 mayoral by-election,2023-06-26 20:26:22,Mayor (ward-by-ward file),20,98,advance_aggregate_98,3343,0,92
2023 mayoral by-election,2023-06-26 20:26:22,Mayor (ward-by-ward file),20,99,advance_aggregate_99,1866,0,92
2023 mayoral by-election,2023-06-26 20:26:22,Mayor (ward-by-ward file),21,34,election_day,299,0,72
2023 mayoral by-election,2023-06-26 20:26:22,Mayor (ward-by-ward file),21,96,ltc_aggregate_96,119,0,72
2023 mayoral by-election,2023-06-26 20:26:22,Mayor (ward-by-ward file),21,97,mail_aggregate_97,669,0,72
2023 mayoral by-election,2023-06-26 20:26:22,Mayor (ward-by-ward file),21,98,advance_aggregate_98,2469,0,72
2023 mayoral by-election,2023-06-26 20:26:22,Mayor (ward-by-ward file),21,99,advance_aggregate_99,1865,0,72
2023 mayoral by-election,2023-06-26 20:26:22,Mayor (ward-by-ward file),22,12,election_day,440,0,43
2023 mayoral by-election,2023-06-26 20:26:22,Mayor (ward-by-ward file),22,17,election_day,391,0,43
2023 mayoral by-election,2023-06-26 20:26:22,Mayor (ward-by-ward file),22,48,election_day,929,0,43
2023 mayoral by-election,2023-06-26 20:26:22,Mayor (ward-by-ward file),22,96,ltc_aggregate_96,59,0,43
2023 mayoral by-election,2023-06-26 20:26:22,Mayor (ward-by-ward file),22,97,mail_aggregate_97,920,0,43
2023 mayoral by-election,2023-06-26 20:26:22,Mayor (ward-by-ward file),22,98,advance_aggregate_98,2036,0,43
2023 mayoral by-election,2023-06-26 20:26:22,Mayor (ward-by-ward file),22,99,advance_aggregate_99,2520,0,43
2023 mayoral by-election,2023-06-26 20:26:22,Mayor (ward-by-ward file),23,33,election_day,120,0,36
2023 mayoral by-election,2023-06-26 20:26:22,Mayor (ward-by-ward file),23,36,election_day,537,0,36
2023 mayoral by-election,2023-06-26 20:26:22,Mayor (ward-by-ward file),23,41,election_day,388,0,36
2023 mayoral by-election,2023-06-26 20:26:22,Mayor (ward-by-ward file),23,42,election_day,232,0,36
2023 mayoral by-election,2023-06-26 20:26:22,Mayor (ward-by-ward file),23,44,election_day,88,0,36
2023 mayoral by-election,2023-06-26 20:26:22,Mayor (ward-by-ward file),23,51,election_day,501,0,36
2023 mayoral by-election,2023-06-26 20:26:22,Mayor (ward-by-ward file),23,96,ltc_aggregate_96,30,0,36
2023 mayoral by-election,2023-06-26 20:26:22,Mayor (ward-by-ward file),23,97,mail_aggregate_97,602,0,36
2023 mayoral by-election,2023-06-26 20:26:22,Mayor (ward-by-ward file),23,98,advance_aggregate_98,1893,0,36
2023 mayoral by-election,2023-06-26 20:26:22,Mayor (ward-by-ward file),23,99,advance_aggregate_99,2572,0,36
2023 mayoral by-election,2023-06-26 20:26:22,Mayor (ward-by-ward file),24,14,election_day,164,0,43
2023 mayoral by-election,2023-06-26 20:26:22,Mayor (ward-by-ward file),24,21,election_day,339,0,43
2023 mayoral by-election,2023-06-26 20:26:22,Mayor (ward-by-ward file),24,37,election_day,72,0,43
2023 mayoral by-election,2023-06-26 20:26:22,Mayor (ward-by-ward file),24,96,ltc_aggregate_96,132,0,43
2023 mayoral by-election,2023-06-26 20:26:22,Mayor (ward-by-ward file),24,97,mail_aggregate_97,568,0,43
2023 mayoral by-election,2023-06-26 20:26:22,Mayor (ward-by-ward file),24,98,advance_aggregate_98,2064,0,43
2023 mayoral by-election,2023-06-26 20:26:22,Mayor (ward-by-ward file),24,99,advance_aggregate_99,2010,0,43
2023 mayoral by-election,2023-06-26 20:26:22,Mayor (ward-by-ward file),25,2,election_day,316,0,62
2023 mayoral by-election,2023-06-26 20:26:22,Mayor (ward-by-ward file),25,8,election_day,399,0,62
2023 mayoral by-election,2023-06-26 20:26:22,Mayor (ward-by-ward file),25,31,election_day,498,0,62
2023 mayoral by-election,2023-06-26 20:26:22,Mayor (ward-by-ward file),25,39,election_day,745,0,62
2023 mayoral by-election,2023-06-26 20:26:22,Mayor (ward-by-ward file),25,41,election_day,817,0,62
2023 mayoral by-election,2023-06-26 20:26:22,Mayor (ward-by-ward file),25,43,election_day,643,0,62
2023 mayoral by-election,2023-06-26 20:26:22,Mayor (ward-by-ward file),25,46,election_day,313,0,62
2023 mayoral by-election,2023-06-26 20:26:22,Mayor (ward-by-ward file),25,47,election_day,279,0,62
2023 mayoral by-election,2023-06-26 20:26:22,Mayor (ward-by-ward file),25,96,ltc_aggregate_96,67,0,62
2023 mayoral by-election,2023-06-26 20:26:22,Mayor (ward-by-ward file),25,97,mail_aggregate_97,645,0,62
2023 mayoral by-election,2023-06-26 20:26:22,Mayor (ward-by-ward file),25,98,advance_aggregate_98,1973,0,62
2023 mayoral by-election,2023-06-26 20:26:22,Mayor (ward-by-ward file),25,99,advance_aggregate_99,3055,0,62
2022 general,2022-10-24 21:09:00,Councillor (all-office file),1,19,election_day,26,0,41
2022 general,2022-10-24 21:09:00,Councillor (all-office file),1,26,election_day,20,0,41
2022 general,2022-10-24 21:09:00,Councillor (all-office file),1,31,election_day,9,0,41
2022 general,2022-10-24 21:09:00,Councillor (all-office file),1,38,election_day,34,0,41
2022 general,2022-10-24 21:09:00,Councillor (all-office file),2,1,election_day,262,0,4
2022 general,2022-10-24 21:09:00,Councillor (all-office file),2,9,election_day,50,0,4
2022 general,2022-10-24 21:09:00,Councillor (all-office file),2,14,election_day,18,0,4
2022 general,2022-10-24 21:09:00,Councillor (all-office file),2,58,election_day,19,0,4
2022 general,2022-10-24 21:09:00,Councillor (all-office file),2,63,election_day,21,0,4
2022 general,2022-10-24 21:09:00,Councillor (all-office file),2,71,election_day,15,0,4
2022 general,2022-10-24 21:09:00,Councillor (all-office file),2,80,election_day,8,0,4
2022 general,2022-10-24 21:09:00,Councillor (all-office file),3,17,election_day,4,0,4
2022 general,2022-10-24 21:09:00,Councillor (all-office file),3,27,election_day,17,0,4
2022 general,2022-10-24 21:09:00,Councillor (all-office file),3,31,election_day,566,0,4
2022 general,2022-10-24 21:09:00,Councillor (all-office file),3,76,election_day,12,0,4
2022 general,2022-10-24 21:09:00,Councillor (all-office file),3,88,election_day,2,0,4
2022 general,2022-10-24 21:09:00,Councillor (all-office file),4,7,election_day,30,7,32
2022 general,2022-10-24 21:09:00,Councillor (all-office file),4,56,election_day,90,7,32
2022 general,2022-10-24 21:09:00,Councillor (all-office file),4,61,election_day,10,7,32
2022 general,2022-10-24 21:09:00,Councillor (all-office file),4,66,election_day,27,7,32
2022 general,2022-10-24 21:09:00,Councillor (all-office file),4,69,election_day,15,7,32
2022 general,2022-10-24 21:09:00,Councillor (all-office file),4,70,election_day,21,7,32
2022 general,2022-10-24 21:09:00,Councillor (all-office file),4,72,election_day,12,7,32
2022 general,2022-10-24 21:09:00,Councillor (all-office file),5,7,election_day,6,0,7
2022 general,2022-10-24 21:09:00,Councillor (all-office file),5,24,election_day,7,0,7
2022 general,2022-10-24 21:09:00,Councillor (all-office file),5,36,election_day,25,0,7
2022 general,2022-10-24 21:09:00,Councillor (all-office file),5,48,election_day,45,0,7
2022 general,2022-10-24 21:09:00,Councillor (all-office file),6,14,election_day,26,0,9
2022 general,2022-10-24 21:09:00,Councillor (all-office file),6,20,election_day,17,0,9
2022 general,2022-10-24 21:09:00,Councillor (all-office file),6,23,election_day,200,0,9
2022 general,2022-10-24 21:09:00,Councillor (all-office file),6,56,election_day,26,0,9
2022 general,2022-10-24 21:09:00,Councillor (all-office file),7,15,election_day,22,0,37
2022 general,2022-10-24 21:09:00,Councillor (all-office file),7,40,election_day,51,0,37
2022 general,2022-10-24 21:09:00,Councillor (all-office file),8,11,election_day,55,0,12
2022 general,2022-10-24 21:09:00,Councillor (all-office file),8,12,election_day,45,0,12
2022 general,2022-10-24 21:09:00,Councillor (all-office file),8,22,election_day,17,0,12
2022 general,2022-10-24 21:09:00,Councillor (all-office file),9,46,election_day,4,0,19
2022 general,2022-10-24 21:09:00,Councillor (all-office file),9,51,election_day,195,0,19
2022 general,2022-10-24 21:09:00,Councillor (all-office file),10,3,election_day,3,0,8
2022 general,2022-10-24 21:09:00,Councillor (all-office file),10,4,election_day,13,0,8
2022 general,2022-10-24 21:09:00,Councillor (all-office file),10,10,election_day,289,0,8
2022 general,2022-10-24 21:09:00,Councillor (all-office file),10,24,election_day,14,0,8
2022 general,2022-10-24 21:09:00,Councillor (all-office file),11,3,election_day,12,0,5
2022 general,2022-10-24 21:09:00,Councillor (all-office file),11,14,election_day,11,0,5
2022 general,2022-10-24 21:09:00,Councillor (all-office file),11,21,election_day,46,0,5
2022 general,2022-10-24 21:09:00,Councillor (all-office file),11,41,election_day,15,0,5
2022 general,2022-10-24 21:09:00,Councillor (all-office file),11,70,election_day,1,0,5
2022 general,2022-10-24 21:09:00,Councillor (all-office file),11,71,election_day,1,0,5
2022 general,2022-10-24 21:09:00,Councillor (all-office file),11,77,election_day,16,0,5
2022 general,2022-10-24 21:09:00,Councillor (all-office file),12,23,election_day,83,0,2
2022 general,2022-10-24 21:09:00,Councillor (all-office file),12,25,election_day,28,0,2
2022 general,2022-10-24 21:09:00,Councillor (all-office file),12,45,election_day,32,0,2
2022 general,2022-10-24 21:09:00,Councillor (all-office file),12,51,election_day,3,0,2
2022 general,2022-10-24 21:09:00,Councillor (all-office file),12,55,election_day,106,0,2
2022 general,2022-10-24 21:09:00,Councillor (all-office file),12,71,election_day,21,0,2
2022 general,2022-10-24 21:09:00,Councillor (all-office file),12,72,election_day,188,0,2
2022 general,2022-10-24 21:09:00,Councillor (all-office file),13,16,election_day,8,3,11
2022 general,2022-10-24 21:09:00,Councillor (all-office file),13,27,election_day,204,3,11
2022 general,2022-10-24 21:09:00,Councillor (all-office file),13,32,election_day,22,3,11
2022 general,2022-10-24 21:09:00,Councillor (all-office file),13,60,election_day,13,3,11
2022 general,2022-10-24 21:09:00,Councillor (all-office file),14,2,election_day,36,0,9
2022 general,2022-10-24 21:09:00,Councillor (all-office file),14,21,election_day,48,0,9
2022 general,2022-10-24 21:09:00,Councillor (all-office file),14,31,election_day,26,0,9
2022 general,2022-10-24 21:09:00,Councillor (all-office file),14,47,election_day,11,0,9
2022 general,2022-10-24 21:09:00,Councillor (all-office file),15,16,election_day,32,0,9
2022 general,2022-10-24 21:09:00,Councillor (all-office file),15,33,election_day,44,0,9
2022 general,2022-10-24 21:09:00,Councillor (all-office file),15,53,election_day,577,0,9
2022 general,2022-10-24 21:09:00,Councillor (all-office file),16,6,election_day,341,0,9
2022 general,2022-10-24 21:09:00,Councillor (all-office file),16,9,election_day,9,0,9
2022 general,2022-10-24 21:09:00,Councillor (all-office file),16,16,election_day,10,0,9
2022 general,2022-10-24 21:09:00,Councillor (all-office file),16,17,election_day,4,0,9
2022 general,2022-10-24 21:09:00,Councillor (all-office file),16,28,election_day,17,0,9
2022 general,2022-10-24 21:09:00,Councillor (all-office file),16,35,election_day,782,0,9
2022 general,2022-10-24 21:09:00,Councillor (all-office file),16,52,election_day,296,0,9
2022 general,2022-10-24 21:09:00,Councillor (all-office file),17,3,election_day,12,0,4
2022 general,2022-10-24 21:09:00,Councillor (all-office file),17,15,election_day,27,0,4
2022 general,2022-10-24 21:09:00,Councillor (all-office file),17,65,election_day,26,0,4
2022 general,2022-10-24 21:09:00,Councillor (all-office file),18,3,election_day,24,0,14
2022 general,2022-10-24 21:09:00,Councillor (all-office file),18,6,election_day,0,0,14
2022 general,2022-10-24 21:09:00,Councillor (all-office file),18,14,election_day,8,0,14
2022 general,2022-10-24 21:09:00,Councillor (all-office file),18,16,election_day,30,0,14
2022 general,2022-10-24 21:09:00,Councillor (all-office file),19,2,election_day,63,0,10
2022 general,2022-10-24 21:09:00,Councillor (all-office file),19,20,election_day,2,0,10
2022 general,2022-10-24 21:09:00,Councillor (all-office file),19,34,election_day,30,0,10
2022 general,2022-10-24 21:09:00,Councillor (all-office file),19,35,election_day,797,0,10
2022 general,2022-10-24 21:09:00,Councillor (all-office file),19,45,election_day,16,0,10
2022 general,2022-10-24 21:09:00,Councillor (all-office file),20,4,election_day,30,0,9
2022 general,2022-10-24 21:09:00,Councillor (all-office file),20,20,election_day,13,0,9
2022 general,2022-10-24 21:09:00,Councillor (all-office file),20,35,election_day,28,0,9
2022 general,2022-10-24 21:09:00,Councillor (all-office file),20,36,election_day,19,0,9
2022 general,2022-10-24 21:09:00,Councillor (all-office file),20,45,election_day,19,0,9
2022 general,2022-10-24 21:09:00,Councillor (all-office file),20,58,election_day,17,0,9
2022 general,2022-10-24 21:09:00,Councillor (all-office file),21,9,election_day,5,3,41
2022 general,2022-10-24 21:09:00,Councillor (all-office file),21,22,election_day,9,3,41
2022 general,2022-10-24 21:09:00,Councillor (all-office file),21,28,election_day,29,3,41
2022 general,2022-10-24 21:09:00,Councillor (all-office file),21,35,election_day,29,3,41
2022 general,2022-10-24 21:09:00,Councillor (all-office file),21,40,election_day,13,3,41
2022 general,2022-10-24 21:09:00,Councillor (all-office file),21,43,election_day,22,3,41
2022 general,2022-10-24 21:09:00,Councillor (all-office file),22,5,election_day,26,0,33
2022 general,2022-10-24 21:09:00,Councillor (all-office file),22,16,election_day,16,0,33
2022 general,2022-10-24 21:09:00,Councillor (all-office file),22,58,election_day,23,0,33
2022 general,2022-10-24 21:09:00,Councillor (all-office file),23,4,election_day,24,0,11
2022 general,2022-10-24 21:09:00,Councillor (all-office file),23,32,election_day,10,0,11
2022 general,2022-10-24 21:09:00,Councillor (all-office file),24,15,election_day,25,0,15
2022 general,2022-10-24 21:09:00,Councillor (all-office file),24,28,election_day,19,0,15
2022 general,2022-10-24 21:09:00,Councillor (all-office file),24,34,election_day,27,0,15
2022 general,2022-10-24 21:09:00,Councillor (all-office file),24,50,election_day,31,0,15
2022 general,2022-10-24 21:09:00,Councillor (all-office file),25,19,election_day,12,0,4
2022 general,2022-10-24 21:09:00,Councillor (all-office file),25,25,election_day,493,0,4
2022 general,2022-10-24 21:09:00,Councillor (all-office file),25,27,election_day,16,0,4
2022 general,2022-10-24 21:09:00,Councillor (all-office file),25,37,election_day,4,0,4
2022 general,2022-10-24 21:09:00,Councillor (all-office file),25,45,election_day,9,0,4
2022 general,2022-10-24 21:46:01,Councillor (all-office file),1,19,election_day,26,0,41
2022 general,2022-10-24 21:46:01,Councillor (all-office file),1,26,election_day,20,0,41
2022 general,2022-10-24 21:46:01,Councillor (all-office file),1,31,election_day,9,0,41
2022 general,2022-10-24 21:46:01,Councillor (all-office file),1,38,election_day,34,0,41
2022 general,2022-10-24 21:46:01,Councillor (all-office file),2,9,election_day,50,0,6
2022 general,2022-10-24 21:46:01,Councillor (all-office file),2,14,election_day,18,0,6
2022 general,2022-10-24 21:46:01,Councillor (all-office file),2,58,election_day,19,0,6
2022 general,2022-10-24 21:46:01,Councillor (all-office file),2,63,election_day,21,0,6
2022 general,2022-10-24 21:46:01,Councillor (all-office file),2,71,election_day,15,0,6
2022 general,2022-10-24 21:46:01,Councillor (all-office file),2,80,election_day,8,0,6
2022 general,2022-10-24 21:46:01,Councillor (all-office file),3,17,election_day,4,0,4
2022 general,2022-10-24 21:46:01,Councillor (all-office file),3,27,election_day,17,0,4
2022 general,2022-10-24 21:46:01,Councillor (all-office file),3,31,election_day,566,0,4
2022 general,2022-10-24 21:46:01,Councillor (all-office file),3,76,election_day,12,0,4
2022 general,2022-10-24 21:46:01,Councillor (all-office file),3,88,election_day,2,0,4
2022 general,2022-10-24 21:46:01,Councillor (all-office file),4,7,election_day,30,7,32
2022 general,2022-10-24 21:46:01,Councillor (all-office file),4,56,election_day,90,7,32
2022 general,2022-10-24 21:46:01,Councillor (all-office file),4,61,election_day,10,7,32
2022 general,2022-10-24 21:46:01,Councillor (all-office file),4,66,election_day,27,7,32
2022 general,2022-10-24 21:46:01,Councillor (all-office file),4,69,election_day,15,7,32
2022 general,2022-10-24 21:46:01,Councillor (all-office file),4,70,election_day,21,7,32
2022 general,2022-10-24 21:46:01,Councillor (all-office file),4,72,election_day,12,7,32
2022 general,2022-10-24 21:46:01,Councillor (all-office file),5,7,election_day,6,0,7
2022 general,2022-10-24 21:46:01,Councillor (all-office file),5,24,election_day,7,0,7
2022 general,2022-10-24 21:46:01,Councillor (all-office file),5,36,election_day,25,0,7
2022 general,2022-10-24 21:46:01,Councillor (all-office file),5,48,election_day,45,0,7
2022 general,2022-10-24 21:46:01,Councillor (all-office file),6,14,election_day,26,0,9
2022 general,2022-10-24 21:46:01,Councillor (all-office file),6,20,election_day,17,0,9
2022 general,2022-10-24 21:46:01,Councillor (all-office file),6,23,election_day,200,0,9
2022 general,2022-10-24 21:46:01,Councillor (all-office file),6,56,election_day,26,0,9
2022 general,2022-10-24 21:46:01,Councillor (all-office file),7,15,election_day,22,0,37
2022 general,2022-10-24 21:46:01,Councillor (all-office file),7,40,election_day,51,0,37
2022 general,2022-10-24 21:46:01,Councillor (all-office file),8,11,election_day,55,0,12
2022 general,2022-10-24 21:46:01,Councillor (all-office file),8,12,election_day,45,0,12
2022 general,2022-10-24 21:46:01,Councillor (all-office file),8,22,election_day,17,0,12
2022 general,2022-10-24 21:46:01,Councillor (all-office file),9,46,election_day,4,0,19
2022 general,2022-10-24 21:46:01,Councillor (all-office file),9,51,election_day,195,0,19
2022 general,2022-10-24 21:46:01,Councillor (all-office file),10,3,election_day,3,0,8
2022 general,2022-10-24 21:46:01,Councillor (all-office file),10,4,election_day,13,0,8
2022 general,2022-10-24 21:46:01,Councillor (all-office file),10,10,election_day,289,0,8
2022 general,2022-10-24 21:46:01,Councillor (all-office file),10,24,election_day,14,0,8
2022 general,2022-10-24 21:46:01,Councillor (all-office file),11,3,election_day,12,0,5
2022 general,2022-10-24 21:46:01,Councillor (all-office file),11,14,election_day,11,0,5
2022 general,2022-10-24 21:46:01,Councillor (all-office file),11,21,election_day,46,0,5
2022 general,2022-10-24 21:46:01,Councillor (all-office file),11,41,election_day,15,0,5
2022 general,2022-10-24 21:46:01,Councillor (all-office file),11,70,election_day,1,0,5
2022 general,2022-10-24 21:46:01,Councillor (all-office file),11,71,election_day,1,0,5
2022 general,2022-10-24 21:46:01,Councillor (all-office file),11,77,election_day,16,0,5
2022 general,2022-10-24 21:46:01,Councillor (all-office file),12,23,election_day,83,0,2
2022 general,2022-10-24 21:46:01,Councillor (all-office file),12,25,election_day,28,0,2
2022 general,2022-10-24 21:46:01,Councillor (all-office file),12,45,election_day,32,0,2
2022 general,2022-10-24 21:46:01,Councillor (all-office file),12,51,election_day,3,0,2
2022 general,2022-10-24 21:46:01,Councillor (all-office file),12,55,election_day,106,0,2
2022 general,2022-10-24 21:46:01,Councillor (all-office file),12,71,election_day,21,0,2
2022 general,2022-10-24 21:46:01,Councillor (all-office file),12,72,election_day,188,0,2
2022 general,2022-10-24 21:46:01,Councillor (all-office file),13,16,election_day,8,0,8
2022 general,2022-10-24 21:46:01,Councillor (all-office file),13,27,election_day,204,0,8
2022 general,2022-10-24 21:46:01,Councillor (all-office file),13,32,election_day,22,0,8
2022 general,2022-10-24 21:46:01,Councillor (all-office file),13,60,election_day,13,0,8
2022 general,2022-10-24 21:46:01,Councillor (all-office file),14,2,election_day,36,0,9
2022 general,2022-10-24 21:46:01,Councillor (all-office file),14,21,election_day,48,0,9
2022 general,2022-10-24 21:46:01,Councillor (all-office file),14,31,election_day,26,0,9
2022 general,2022-10-24 21:46:01,Councillor (all-office file),14,47,election_day,11,0,9
2022 general,2022-10-24 21:46:01,Councillor (all-office file),15,16,election_day,32,0,9
2022 general,2022-10-24 21:46:01,Councillor (all-office file),15,33,election_day,44,0,9
2022 general,2022-10-24 21:46:01,Councillor (all-office file),15,53,election_day,577,0,9
2022 general,2022-10-24 21:46:01,Councillor (all-office file),16,9,election_day,9,0,9
2022 general,2022-10-24 21:46:01,Councillor (all-office file),16,16,election_day,10,0,9
2022 general,2022-10-24 21:46:01,Councillor (all-office file),16,17,election_day,4,0,9
2022 general,2022-10-24 21:46:01,Councillor (all-office file),16,28,election_day,17,0,9
2022 general,2022-10-24 21:46:01,Councillor (all-office file),16,35,election_day,782,0,9
2022 general,2022-10-24 21:46:01,Councillor (all-office file),16,52,election_day,296,0,9
2022 general,2022-10-24 21:46:01,Councillor (all-office file),17,3,election_day,12,0,4
2022 general,2022-10-24 21:46:01,Councillor (all-office file),17,15,election_day,27,0,4
2022 general,2022-10-24 21:46:01,Councillor (all-office file),17,65,election_day,26,0,4
2022 general,2022-10-24 21:46:01,Councillor (all-office file),18,3,election_day,24,0,14
2022 general,2022-10-24 21:46:01,Councillor (all-office file),18,6,election_day,0,0,14
2022 general,2022-10-24 21:46:01,Councillor (all-office file),18,14,election_day,8,0,14
2022 general,2022-10-24 21:46:01,Councillor (all-office file),18,16,election_day,30,0,14
2022 general,2022-10-24 21:46:01,Councillor (all-office file),19,2,election_day,63,0,10
2022 general,2022-10-24 21:46:01,Councillor (all-office file),19,20,election_day,2,0,10
2022 general,2022-10-24 21:46:01,Councillor (all-office file),19,34,election_day,30,0,10
2022 general,2022-10-24 21:46:01,Councillor (all-office file),19,35,election_day,797,0,10
2022 general,2022-10-24 21:46:01,Councillor (all-office file),19,45,election_day,16,0,10
2022 general,2022-10-24 21:46:01,Councillor (all-office file),20,4,election_day,30,0,9
2022 general,2022-10-24 21:46:01,Councillor (all-office file),20,20,election_day,13,0,9
2022 general,2022-10-24 21:46:01,Councillor (all-office file),20,35,election_day,28,0,9
2022 general,2022-10-24 21:46:01,Councillor (all-office file),20,36,election_day,19,0,9
2022 general,2022-10-24 21:46:01,Councillor (all-office file),20,45,election_day,19,0,9
2022 general,2022-10-24 21:46:01,Councillor (all-office file),20,58,election_day,17,0,9
2022 general,2022-10-24 21:46:01,Councillor (all-office file),21,9,election_day,5,3,41
2022 general,2022-10-24 21:46:01,Councillor (all-office file),21,22,election_day,9,3,41
2022 general,2022-10-24 21:46:01,Councillor (all-office file),21,28,election_day,29,3,41
2022 general,2022-10-24 21:46:01,Councillor (all-office file),21,35,election_day,29,3,41
2022 general,2022-10-24 21:46:01,Councillor (all-office file),21,40,election_day,13,3,41
2022 general,2022-10-24 21:46:01,Councillor (all-office file),21,43,election_day,22,3,41
2022 general,2022-10-24 21:46:01,Councillor (all-office file),22,5,election_day,26,0,33
2022 general,2022-10-24 21:46:01,Councillor (all-office file),22,16,election_day,16,0,33
2022 general,2022-10-24 21:46:01,Councillor (all-office file),22,58,election_day,23,0,33
2022 general,2022-10-24 21:46:01,Councillor (all-office file),23,4,election_day,24,0,11
2022 general,2022-10-24 21:46:01,Councillor (all-office file),23,32,election_day,10,0,11
2022 general,2022-10-24 21:46:01,Councillor (all-office file),24,15,election_day,25,0,15
2022 general,2022-10-24 21:46:01,Councillor (all-office file),24,28,election_day,19,0,15
2022 general,2022-10-24 21:46:01,Councillor (all-office file),24,34,election_day,27,0,15
2022 general,2022-10-24 21:46:01,Councillor (all-office file),24,50,election_day,31,0,15
2022 general,2022-10-24 21:46:01,Councillor (all-office file),25,19,election_day,12,0,4
2022 general,2022-10-24 21:46:01,Councillor (all-office file),25,27,election_day,16,0,4
2022 general,2022-10-24 21:46:01,Councillor (all-office file),25,37,election_day,4,0,4
2022 general,2022-10-24 21:46:01,Councillor (all-office file),25,45,election_day,9,0,4
2022 general,2022-10-24 23:01:01,Councillor (all-office file),1,19,election_day,26,0,41
2022 general,2022-10-24 23:01:01,Councillor (all-office file),1,26,election_day,20,0,41
2022 general,2022-10-24 23:01:01,Councillor (all-office file),1,31,election_day,9,0,41
2022 general,2022-10-24 23:01:01,Councillor (all-office file),1,38,election_day,34,0,41
2022 general,2022-10-24 23:01:01,Councillor (all-office file),2,9,election_day,50,0,6
2022 general,2022-10-24 23:01:01,Councillor (all-office file),2,14,election_day,18,0,6
2022 general,2022-10-24 23:01:01,Councillor (all-office file),2,58,election_day,19,0,6
2022 general,2022-10-24 23:01:01,Councillor (all-office file),2,63,election_day,21,0,6
2022 general,2022-10-24 23:01:01,Councillor (all-office file),2,71,election_day,15,0,6
2022 general,2022-10-24 23:01:01,Councillor (all-office file),2,80,election_day,8,0,6
2022 general,2022-10-24 23:01:01,Councillor (all-office file),3,17,election_day,4,0,4
2022 general,2022-10-24 23:01:01,Councillor (all-office file),3,27,election_day,17,0,4
2022 general,2022-10-24 23:01:01,Councillor (all-office file),3,31,election_day,566,0,4
2022 general,2022-10-24 23:01:01,Councillor (all-office file),3,76,election_day,12,0,4
2022 general,2022-10-24 23:01:01,Councillor (all-office file),3,88,election_day,2,0,4
2022 general,2022-10-24 23:01:01,Councillor (all-office file),4,7,election_day,30,0,39
2022 general,2022-10-24 23:01:01,Councillor (all-office file),4,56,election_day,90,0,39
2022 general,2022-10-24 23:01:01,Councillor (all-office file),4,61,election_day,10,0,39
2022 general,2022-10-24 23:01:01,Councillor (all-office file),4,66,election_day,27,0,39
2022 general,2022-10-24 23:01:01,Councillor (all-office file),4,69,election_day,15,0,39
2022 general,2022-10-24 23:01:01,Councillor (all-office file),4,70,election_day,21,0,39
2022 general,2022-10-24 23:01:01,Councillor (all-office file),4,72,election_day,12,0,39
2022 general,2022-10-24 23:01:01,Councillor (all-office file),5,7,election_day,6,0,7
2022 general,2022-10-24 23:01:01,Councillor (all-office file),5,24,election_day,7,0,7
2022 general,2022-10-24 23:01:01,Councillor (all-office file),5,36,election_day,25,0,7
2022 general,2022-10-24 23:01:01,Councillor (all-office file),5,48,election_day,45,0,7
2022 general,2022-10-24 23:01:01,Councillor (all-office file),6,14,election_day,26,0,10
2022 general,2022-10-24 23:01:01,Councillor (all-office file),6,20,election_day,17,0,10
2022 general,2022-10-24 23:01:01,Councillor (all-office file),6,56,election_day,26,0,10
2022 general,2022-10-24 23:01:01,Councillor (all-office file),7,15,election_day,22,0,37
2022 general,2022-10-24 23:01:01,Councillor (all-office file),7,40,election_day,51,0,37
2022 general,2022-10-24 23:01:01,Councillor (all-office file),8,11,election_day,55,0,12
2022 general,2022-10-24 23:01:01,Councillor (all-office file),8,12,election_day,45,0,12
2022 general,2022-10-24 23:01:01,Councillor (all-office file),8,22,election_day,17,0,12
2022 general,2022-10-24 23:01:01,Councillor (all-office file),9,46,election_day,4,0,19
2022 general,2022-10-24 23:01:01,Councillor (all-office file),9,51,election_day,195,0,19
2022 general,2022-10-24 23:01:01,Councillor (all-office file),10,3,election_day,3,0,8
2022 general,2022-10-24 23:01:01,Councillor (all-office file),10,4,election_day,13,0,8
2022 general,2022-10-24 23:01:01,Councillor (all-office file),10,10,election_day,289,0,8
2022 general,2022-10-24 23:01:01,Councillor (all-office file),10,24,election_day,14,0,8
2022 general,2022-10-24 23:01:01,Councillor (all-office file),11,3,election_day,12,0,5
2022 general,2022-10-24 23:01:01,Councillor (all-office file),11,14,election_day,11,0,5
2022 general,2022-10-24 23:01:01,Councillor (all-office file),11,21,election_day,46,0,5
2022 general,2022-10-24 23:01:01,Councillor (all-office file),11,41,election_day,15,0,5
2022 general,2022-10-24 23:01:01,Councillor (all-office file),11,70,election_day,1,0,5
2022 general,2022-10-24 23:01:01,Councillor (all-office file),11,71,election_day,1,0,5
2022 general,2022-10-24 23:01:01,Councillor (all-office file),11,77,election_day,16,0,5
2022 general,2022-10-24 23:01:01,Councillor (all-office file),12,23,election_day,83,0,2
2022 general,2022-10-24 23:01:01,Councillor (all-office file),12,25,election_day,28,0,2
2022 general,2022-10-24 23:01:01,Councillor (all-office file),12,45,election_day,32,0,2
2022 general,2022-10-24 23:01:01,Councillor (all-office file),12,51,election_day,3,0,2
2022 general,2022-10-24 23:01:01,Councillor (all-office file),12,55,election_day,106,0,2
2022 general,2022-10-24 23:01:01,Councillor (all-office file),12,71,election_day,21,0,2
2022 general,2022-10-24 23:01:01,Councillor (all-office file),12,72,election_day,188,0,2
2022 general,2022-10-24 23:01:01,Councillor (all-office file),13,16,election_day,8,0,8
2022 general,2022-10-24 23:01:01,Councillor (all-office file),13,27,election_day,204,0,8
2022 general,2022-10-24 23:01:01,Councillor (all-office file),13,32,election_day,22,0,8
2022 general,2022-10-24 23:01:01,Councillor (all-office file),13,60,election_day,13,0,8
2022 general,2022-10-24 23:01:01,Councillor (all-office file),14,2,election_day,36,0,9
2022 general,2022-10-24 23:01:01,Councillor (all-office file),14,21,election_day,48,0,9
2022 general,2022-10-24 23:01:01,Councillor (all-office file),14,31,election_day,26,0,9
2022 general,2022-10-24 23:01:01,Councillor (all-office file),14,47,election_day,11,0,9
2022 general,2022-10-24 23:01:01,Councillor (all-office file),15,16,election_day,32,0,9
2022 general,2022-10-24 23:01:01,Councillor (all-office file),15,33,election_day,44,0,9
2022 general,2022-10-24 23:01:01,Councillor (all-office file),16,9,election_day,9,0,9
2022 general,2022-10-24 23:01:01,Councillor (all-office file),16,16,election_day,10,0,9
2022 general,2022-10-24 23:01:01,Councillor (all-office file),16,17,election_day,4,0,9
2022 general,2022-10-24 23:01:01,Councillor (all-office file),16,28,election_day,17,0,9
2022 general,2022-10-24 23:01:01,Councillor (all-office file),16,35,election_day,782,0,9
2022 general,2022-10-24 23:01:01,Councillor (all-office file),16,52,election_day,296,0,9
2022 general,2022-10-24 23:01:01,Councillor (all-office file),17,3,election_day,12,0,4
2022 general,2022-10-24 23:01:01,Councillor (all-office file),17,15,election_day,27,0,4
2022 general,2022-10-24 23:01:01,Councillor (all-office file),17,65,election_day,26,0,4
2022 general,2022-10-24 23:01:01,Councillor (all-office file),18,3,election_day,24,0,14
2022 general,2022-10-24 23:01:01,Councillor (all-office file),18,6,election_day,0,0,14
2022 general,2022-10-24 23:01:01,Councillor (all-office file),18,14,election_day,8,0,14
2022 general,2022-10-24 23:01:01,Councillor (all-office file),18,16,election_day,30,0,14
2022 general,2022-10-24 23:01:01,Councillor (all-office file),19,2,election_day,63,0,10
2022 general,2022-10-24 23:01:01,Councillor (all-office file),19,20,election_day,2,0,10
2022 general,2022-10-24 23:01:01,Councillor (all-office file),19,34,election_day,30,0,10
2022 general,2022-10-24 23:01:01,Councillor (all-office file),19,45,election_day,16,0,10
2022 general,2022-10-24 23:01:01,Councillor (all-office file),20,4,election_day,30,0,9
2022 general,2022-10-24 23:01:01,Councillor (all-office file),20,20,election_day,13,0,9
2022 general,2022-10-24 23:01:01,Councillor (all-office file),20,35,election_day,28,0,9
2022 general,2022-10-24 23:01:01,Councillor (all-office file),20,36,election_day,19,0,9
2022 general,2022-10-24 23:01:01,Councillor (all-office file),20,45,election_day,19,0,9
2022 general,2022-10-24 23:01:01,Councillor (all-office file),20,58,election_day,17,0,9
2022 general,2022-10-24 23:01:01,Councillor (all-office file),21,9,election_day,5,3,41
2022 general,2022-10-24 23:01:01,Councillor (all-office file),21,22,election_day,9,3,41
2022 general,2022-10-24 23:01:01,Councillor (all-office file),21,28,election_day,29,3,41
2022 general,2022-10-24 23:01:01,Councillor (all-office file),21,35,election_day,29,3,41
2022 general,2022-10-24 23:01:01,Councillor (all-office file),21,40,election_day,13,3,41
2022 general,2022-10-24 23:01:01,Councillor (all-office file),21,43,election_day,22,3,41
2022 general,2022-10-24 23:01:01,Councillor (all-office file),22,5,election_day,26,0,33
2022 general,2022-10-24 23:01:01,Councillor (all-office file),22,16,election_day,16,0,33
2022 general,2022-10-24 23:01:01,Councillor (all-office file),22,58,election_day,23,0,33
2022 general,2022-10-24 23:01:01,Councillor (all-office file),23,4,election_day,24,0,11
2022 general,2022-10-24 23:01:01,Councillor (all-office file),23,32,election_day,10,0,11
2022 general,2022-10-24 23:01:01,Councillor (all-office file),24,15,election_day,25,0,15
2022 general,2022-10-24 23:01:01,Councillor (all-office file),24,28,election_day,19,0,15
2022 general,2022-10-24 23:01:01,Councillor (all-office file),24,34,election_day,27,0,15
2022 general,2022-10-24 23:01:01,Councillor (all-office file),24,50,election_day,31,0,15
2022 general,2022-10-24 23:01:01,Councillor (all-office file),25,19,election_day,12,0,4
2022 general,2022-10-24 23:01:01,Councillor (all-office file),25,27,election_day,16,0,4
2022 general,2022-10-24 23:01:01,Councillor (all-office file),25,37,election_day,4,0,4
2022 general,2022-10-24 23:01:01,Councillor (all-office file),25,45,election_day,9,0,4
2022 general,2022-10-24 23:55:30,Councillor (all-office file),1,19,election_day,26,0,41
2022 general,2022-10-24 23:55:30,Councillor (all-office file),1,26,election_day,20,0,41
2022 general,2022-10-24 23:55:30,Councillor (all-office file),1,31,election_day,9,0,41
2022 general,2022-10-24 23:55:30,Councillor (all-office file),1,38,election_day,34,0,41
2022 general,2022-10-24 23:55:30,Councillor (all-office file),3,31,election_day,566,35,102
2022 general,2022-10-24 23:55:30,Councillor (all-office file),9,51,election_day,195,0,45
2022 general,2022-10-24 23:55:30,Councillor (all-office file),10,10,election_day,289,30,112
2022 general,2022-10-24 23:55:30,Councillor (all-office file),16,35,election_day,782,0,279
2022 general,2022-10-24 23:55:30,Councillor (all-office file),18,3,election_day,24,0,14
2022 general,2022-10-24 23:55:30,Councillor (all-office file),18,6,election_day,0,0,14
2022 general,2022-10-24 23:55:30,Councillor (all-office file),18,14,election_day,8,0,14
2022 general,2022-10-24 23:55:30,Councillor (all-office file),18,16,election_day,30,0,14
2022 general,2022-10-24 23:55:30,Councillor (all-office file),20,4,election_day,30,0,9
2022 general,2022-10-24 23:55:30,Councillor (all-office file),20,20,election_day,13,0,9
2022 general,2022-10-24 23:55:30,Councillor (all-office file),20,35,election_day,28,0,9
2022 general,2022-10-24 23:55:30,Councillor (all-office file),20,36,election_day,19,0,9
2022 general,2022-10-24 23:55:30,Councillor (all-office file),20,45,election_day,19,0,9
2022 general,2022-10-24 23:55:30,Councillor (all-office file),20,58,election_day,17,0,9
