office,area,feed_name,match_status,candidacy_id,person_id,person_link,canonical_name,canonical_name_raw,registry_surname,last_word_is_surname,display_name_sources
Mayor,0,Imad Abdulkadir,exact,can_94979378bca450f09d9c25e74db7807e,per_c2a43d1124c7560ab08e6c31dc8da9ee,confirmed,Imad Abdulkadir,"Abdulkadir, Imad",Abdulkadir,yes,frontend:mayoral_candidates.json|canonical:people.csv
Mayor,0,Bahira Abdulsalam,exact,can_2e019fda2c64561e8b92b2c905a2585e,per_46779385ba305d05b1ac1b31a7e7f8a4,confirmed,Bahira Abdulsalam,"Abdulsalam, Bahira",Abdulsalam,yes,frontend:mayoral_candidates.json|canonical:people.csv
Mayor,0,Chris Alexander,exact,can_b43d9b5795cf5aed9b587a956e49951b,per_345dd6a9ee645c0bb5a8ade615f91579,confirmed,Chris Alexander,"Alexander, Chris",Alexander,yes,frontend:mayoral_candidates.json|frontend:src/lib/candidates.ts(slug=alexander)|backend:mayoral_forecast.json|canonical:people.csv
Mayor,0,Jamie Atkinson,exact,can_1e9223164ae85589a40d5c27b1004c93,,proposed,Jamie Atkinson,"Atkinson, Jamie",Atkinson,yes,frontend:mayoral_candidates.json
Mayor,0,Brad Bradford,exact,can_b71a736235545b8f8df2a3e196126428,per_d8dfddfb642358e299f4b428292666bf,confirmed,Brad Bradford,"Bradford, Brad",Bradford,yes,frontend:mayoral_candidates.json|frontend:src/lib/candidates.ts(slug=bradford)|backend:mayoral_forecast.json|canonical:people.csv
Mayor,0,Darrell Brown,exact,can_78d2d90590f25246a4c4059b5f3a5736,per_c9c0901bc0155b70a0b03ffa5c01a2ac,confirmed,Darrell Brown,"Brown, Darrell",Brown,yes,frontend:mayoral_candidates.json|canonical:people.csv
Mayor,0,Brian Buffey,exact,can_097745cc355459f6b63ecd505094cd64,per_25eb809ff24a5bef9bad4993816a6bcf,confirmed,Brian Buffey,"Buffey, Brian",Buffey,yes,frontend:mayoral_candidates.json|canonical:people.csv
Mayor,0,Braeden Chow,exact,can_5cfd62de1fc35b858be03962fb88f01a,per_84fc7c7d2a4f55a7a99126fbe8a7dfdf,confirmed,Braeden Chow,"Chow, Braeden",Chow,yes,frontend:mayoral_candidates.json|canonical:people.csv
Mayor,0,Olivia Chow,exact,can_24054bba2bed56dab41293ec7d138d41,per_a4291ca7539b53e2acc1c4f108bc73e6,confirmed,Olivia Chow,"Chow, Olivia",Chow,yes,frontend:mayoral_candidates.json|frontend:src/lib/candidates.ts(slug=chow)|backend:mayoral_forecast.json|canonical:people.csv
Mayor,0,Logan Choy,exact,can_add6b13c697e571b946a9f304c46723b,per_5639f3389cb55fc2a2f0738002e3925f,confirmed,Logan Choy,"Choy, Logan",Choy,yes,frontend:mayoral_candidates.json|canonical:people.csv
Mayor,0,Kevin Clarke,exact,can_34ef58fec10453ec87a52c54391d0076,per_546a50310fbe5401a126a3864d97fbb3,confirmed,Kevin Clarke,"Clarke, Kevin",Clarke,yes,frontend:mayoral_candidates.json|canonical:people.csv
Mayor,0,Paul Collins,exact,can_35cd7fdef9185f108c07669c0c02a3f4,,proposed,Paul Collins,"Collins, Paul",Collins,yes,frontend:mayoral_candidates.json
Mayor,0,Alex Cruze,exact,can_bd7a432d37f95590b5e5985444edefa1,per_1b9b9e8787a65865bd53e6d237925fa2,confirmed,Alex Cruze,"Cruze, Alex",Cruze,yes,frontend:mayoral_candidates.json|canonical:people.csv
Mayor,0,Roberto Curto,exact,can_fb0ad10ecf0a5445bd5d89edd05589e3,per_cb3f9ef53dc15ef292a76f292bbc8002,confirmed,Roberto Curto,"Curto, Roberto",Curto,yes,frontend:mayoral_candidates.json|canonical:people.csv
Mayor,0,Laura Dean,exact,can_b0feb9eb4d795071bc35ae1040f07db6,per_2ecb615c8e5158e8a2530743ad2e30e5,confirmed,Laura Dean,"Dean, Laura",Dean,yes,frontend:mayoral_candidates.json|canonical:people.csv
Mayor,0,Habiba Desai,exact,can_e6b3391412bb5303a15fa841aa0fd248,per_fee676443417560dabcacf61aa50ded4,confirmed,Habiba Desai,"Desai, Habiba",Desai,yes,frontend:mayoral_candidates.json|canonical:people.csv
Mayor,0,Cory Deville,exact,can_94360a20cd655445812073e2b15fd7cb,per_6dbd346ddaba5349b1188f1bbd6e5478,confirmed,Cory Deville,"Deville, Cory",Deville,yes,frontend:mayoral_candidates.json|canonical:people.csv
Mayor,0,Wincess Dorville,exact,can_390615a47c3851bea46fa40dcfa540c0,per_73f81f86fbf957b6be760800c99853cc,confirmed,Wincess Dorville,"Dorville, Wincess",Dorville,yes,frontend:mayoral_candidates.json|canonical:people.csv
Mayor,0,Laura Ellis,exact,can_665e34a2e1bd53efab17596e5ab65b9d,per_aa60ea68aa015500b5b0546b0837ce2a,confirmed,Laura Ellis,"Ellis, Laura",Ellis,yes,frontend:mayoral_candidates.json|canonical:people.csv
Mayor,0,Martin Fraser,exact,can_a169bac534c9535f8b40909b8e3f19c3,per_b81f3e402324549882cef8492a4e0745,confirmed,Martin Fraser,"Fraser, Martin",Fraser,yes,frontend:mayoral_candidates.json|canonical:people.csv
Mayor,0,Alton Frederick,exact,can_c046dcbb9b5e5acea6b996edbc473dc2,per_3a31776c012253df85dd35d7e0aef86e,confirmed,Alton Frederick,"Frederick, Alton",Frederick,yes,frontend:mayoral_candidates.json|canonical:people.csv
Mayor,0,Edward Gong,exact,can_52f3f65dbd5a5867b98898a8500161d5,per_424fd6af33ed5e0bae4177a42cde6c21,confirmed,Edward Gong,"Gong, Edward",Gong,yes,frontend:mayoral_candidates.json|canonical:people.csv
Mayor,0,Faizan Haider,exact,can_362007245309529aae22fb4337f1262e,per_9f8b0af56ed95379ac598bccf437dd89,confirmed,Faizan Haider,"Haider, Faizan",Haider,yes,frontend:mayoral_candidates.json|canonical:people.csv
Mayor,0,Thomas Hall,exact,can_dfbeced4bfdb5a9d821dcbc84ff00dd5,per_6fdb7e0231c45c84801f0f040c1088b4,confirmed,Thomas Hall,"Hall, Thomas",Hall,yes,frontend:mayoral_candidates.json|canonical:people.csv
Mayor,0,Peter Handjis,exact,can_86878b8fd0dc57479f5522bfc8a7c948,per_5542c2a9da75521a8c92b062a2f48b33,confirmed,Peter Handjis,"Handjis, Peter",Handjis,yes,frontend:mayoral_candidates.json|canonical:people.csv
Mayor,0,Jack Hartley,exact,can_5dc03ec1bf9550ac94e5bbfe7966978f,per_99915647a3e7513a95eb72aab24c8a69,confirmed,Jack Hartley,"Hartley, Jack",Hartley,yes,frontend:mayoral_candidates.json|canonical:people.csv
Mayor,0,Heather He,exact,can_59eec357859b52a9a96e7dc149a071cd,per_50d5d6394aae549ebb2f7c7883715b93,confirmed,Heather He,"He, Heather",He,yes,frontend:mayoral_candidates.json|canonical:people.csv
Mayor,0,Mohamad Kaaki,exact,can_90169e7ffaf85a4e960346e2c761b66d,per_3458e4496919507bb710f0727449b78a,confirmed,Mohamad Kaaki,"Kaaki, Mohamad",Kaaki,yes,frontend:mayoral_candidates.json|canonical:people.csv
Mayor,0,Georgios Kalkounis,exact,can_f49e85b1a9455d14828c28d4887d9385,per_3c0c7b3ad7b154e5911d580ac13921c5,confirmed,Georgios Kalkounis,"Kalkounis, Georgios",Kalkounis,yes,frontend:mayoral_candidates.json|canonical:people.csv
Mayor,0,Isidoros Kyrlangitses,exact,can_d9ffce039e2f54399af3767b9150b791,per_4ee5203845785b8885d26c28dc74925a,confirmed,Isidoros Kyrlangitses,"Kyrlangitses, Isidoros",Kyrlangitses,yes,frontend:mayoral_candidates.json|canonical:people.csv
Mayor,0,Michael Lamoureux,exact,can_30299920681c5c8096c4bef93afac059,per_c08c931ffbde58c79e8374fe1f60915b,confirmed,Michael Lamoureux,"Lamoureux, Michael",Lamoureux,yes,frontend:mayoral_candidates.json|canonical:people.csv
Mayor,0,Rick Lee,exact,can_3a1a6b619cf050e690cb6578dee57012,per_7cc9cda1dc6e54848e9afd44a18eeccc,confirmed,Rick Lee,"Lee, Rick",Lee,yes,frontend:mayoral_candidates.json|canonical:people.csv
Mayor,0,Reagan Levermany,exact,can_28879fdf67165467a81c42c6446b5cd3,per_df6f6d041e1e5af69026e62bd466dc61,confirmed,Reagan Levermany,"Levermany, Reagan",Levermany,yes,frontend:mayoral_candidates.json|canonical:people.csv
Mayor,0,Eddie Mayanja,exact,can_8560c3a40a9e572aa2d5c00c09933b85,per_ef81e3a7e765571d81251c1904f93a18,confirmed,Eddie Mayanja,"Mayanja, Eddie",Mayanja,yes,frontend:mayoral_candidates.json|canonical:people.csv
Mayor,0,Sarah McVie,exact,can_bc5a823575885135bd3bd49999e4bcc5,per_95cd5c92c035574ab823643b45e8a5ae,confirmed,Sarah McVie,"McVie, Sarah",McVie,yes,frontend:mayoral_candidates.json|frontend:src/lib/candidates.ts(slug=mcvie)|backend:mayoral_forecast.json|canonical:people.csv
Mayor,0,Francis Mercieca,exact,can_9f90d447ddbe5c97bbdac9c3096089fb,per_99ee11f9eaf95b5b8154b23de4970dc2,confirmed,Francis Mercieca,"Mercieca, Francis",Mercieca,yes,frontend:mayoral_candidates.json|canonical:people.csv
Mayor,0,Joseph Osuji,exact,can_d1c1dbd9dfa95c2280361e1b54640094,,proposed,Joseph Osuji,"Osuji, Joseph",Osuji,yes,frontend:mayoral_candidates.json
Mayor,0,Odessa Paloma Parker,exact,can_4da98e5abddc51ceb2a0eca7fc79c228,per_56060d2725565733b8f3a78855fc0c25,confirmed,Odessa Paloma Parker,"Parker, Odessa Paloma",Parker,yes,frontend:mayoral_candidates.json|frontend:src/lib/candidates.ts(slug=parker)|backend:mayoral_forecast.json|canonical:people.csv
Mayor,0,Gus Prokos,exact,can_8a1f2fdbcf8a596f87ed81adafa3eeca,,proposed,Gus Prokos,"Prokos, Gus",Prokos,yes,frontend:mayoral_candidates.json
Mayor,0,Faisal Razi,exact,can_c4c8d5930213597eafa645ae61af7e4e,per_ec5f622a33165dd5b165983d27fc0023,confirmed,Faisal Razi,"Razi, Faisal",Razi,yes,frontend:mayoral_candidates.json|canonical:people.csv
Mayor,0,Amy Rosen,exact,can_eb3a632108425f9caa031590ec36385e,per_2d8d7f89c2c15234878f7423b5e0bd51,confirmed,Amy Rosen,"Rosen, Amy",Rosen,yes,frontend:mayoral_candidates.json|canonical:people.csv
Mayor,0,Lyall Sanders,exact,can_02f4555121c15b8abb384f5b2c886b56,per_af9b42612918591ca5bd5d03c1927be5,confirmed,Lyall Sanders,"Sanders, Lyall",Sanders,yes,frontend:mayoral_candidates.json|canonical:people.csv
Mayor,0,Naomi Sayers,exact,can_627d3742fe25534cb96e3e6cee6388c8,per_75e08922e6a85f35bf2ca1f2c5d3a194,confirmed,Naomi Sayers,"Sayers, Naomi",Sayers,yes,frontend:mayoral_candidates.json|canonical:people.csv
Mayor,0,Robert Shusterman,exact,can_725c2f7ae1e052caa5db6c997d6e1949,per_8c7425f72b6a5bcda1ef216826467f2d,confirmed,Robert Shusterman,"Shusterman, Robert",Shusterman,yes,frontend:mayoral_candidates.json|canonical:people.csv
Mayor,0,Sandeep Srivastava,exact,can_5921308ec09156fb9428cf16c4ccb415,per_bcfbb71d06325ab69c98fd92e7da065f,confirmed,Sandeep Srivastava,"Srivastava, Sandeep",Srivastava,yes,frontend:mayoral_candidates.json|canonical:people.csv
Mayor,0,Weizhen Tang,exact,can_501a2363de0b5db0afdbb7ea9087df9a,per_3a2fd4dcc9125d67af5b628373f21fcd,confirmed,Weizhen Tang,"Tang, Weizhen",Tang,yes,frontend:mayoral_candidates.json|canonical:people.csv
Mayor,0,Joshua Thompson,exact,can_d0e3e19e9c5759d1be096ef4e0595e34,per_1288a80fd75c55fbb612c6d5100f49b1,confirmed,Joshua Thompson,"Thompson, Joshua",Thompson,yes,frontend:mayoral_candidates.json|canonical:people.csv
Mayor,0,Kuo Yu Tong,exact,can_d082e7a701b053cfbb86a7ceadb00884,per_47e3d72824bb55a081b7327258cefcd2,confirmed,Kuo Yu Tong,"Tong, Kuo Yu",Tong,yes,frontend:mayoral_candidates.json|canonical:people.csv
Mayor,0,Jeffery Tunney,exact,can_c9515855307457fbb210926528eaf9b7,per_c64b2651882e5e9ab548d42a7da31538,confirmed,Jeffery Tunney,"Tunney, Jeffery",Tunney,yes,frontend:mayoral_candidates.json|canonical:people.csv
Mayor,0,Jack Weenen,exact,can_6091cf8156f452e99906f835b4ab0eb5,per_2d58661c3d25577680d67e2f3fde5c30,confirmed,Jack Weenen,"Weenen, Jack",Weenen,yes,frontend:mayoral_candidates.json|canonical:people.csv
Mayor,0,Henoke Yohannes,exact,can_b6d6bb5130b458ccba39311d9df774f8,per_fd539a88bad85a4facc5b6f893812943,confirmed,Henoke Yohannes,"Yohannes, Henoke",Yohannes,yes,frontend:mayoral_candidates.json|canonical:people.csv
Mayor,0,Leila Yohannes,exact,can_cb430f5236095516b8b63070dc4a0932,per_831b75aa04085c9282b33fc80c12a770,confirmed,Leila Yohannes,"Yohannes, Leila",Yohannes,yes,frontend:mayoral_candidates.json|canonical:people.csv
Mayor,0,Mostafa Zandkarimi,exact,can_fa4a0945f8fb5c4d95bd4ff81c45cf0b,per_16d5152df0775d07944dc7b9e901c0c7,confirmed,Mostafa Zandkarimi,"Zandkarimi, Mostafa",Zandkarimi,yes,frontend:mayoral_candidates.json|canonical:people.csv
Councillor,1,Abraham Abbey,exact,can_3d4211d87f3a5bfcb1ab8ba8e9e5ae45,,proposed,Abraham Abbey,"Abbey, Abraham",Abbey,yes,frontend:council_race_cards.json|data:challengers.csv
Councillor,1,Ala'a Adib,exact,can_8d196d683b055703930ddb75011c8eec,per_80b9627dbaf15fb18e0bbe5ee140d2fe,confirmed,Ala'a Adib,"Adib, Alaa",Adib,yes,frontend:council_race_cards.json|canonical:people.csv|data:challengers.csv
Councillor,1,Saima Babar,exact,can_82b386fc59c552f5a3a159fd624b6348,per_8dda96a820ae59e384e8f14e7b7beb2e,confirmed,Saima Babar,"Babar, Saima",Babar,yes,frontend:council_race_cards.json|canonical:people.csv|data:challengers.csv
Councillor,1,Chloe Brown,exact,can_e6be2215757451db85e79f587b054f77,per_3d3501723d055766800769f77751b3bf,confirmed,Chloe Brown,"Brown, Chloe",Brown,yes,frontend:council_race_cards.json|canonical:people.csv
Councillor,1,Vincent Crisanti,exact,can_adcacf84e3005896a5c773986a552c96,per_bb140e42ff6750dc95adfa2785ffef68,confirmed,Vincent Crisanti,"Crisanti, Vincent",Crisanti,yes,frontend:council_race_cards.json|canonical:people.csv
Councillor,1,Norman Hamilton,exact,can_e4ccfe6039be52f48ec4a5193a8d1f6c,per_9639b20905d35b23ae995364d1782da2,confirmed,Norman Hamilton,"Hamilton, Norman",Hamilton,yes,frontend:council_race_cards.json|canonical:people.csv|data:challengers.csv
Councillor,1,Joseph Martino,exact,can_a026d04959635acfb5ab4df36ef1a16b,,proposed,Joseph Martino,"Martino, Joseph",Martino,yes,frontend:council_race_cards.json
Councillor,1,Nathen Masri,exact,can_b5b7094d4f3f5587be2d1398c37769e8,per_e04c59f836b85d3983433197379d4275,confirmed,Nathen Masri,"Masri, Nathen",Masri,yes,frontend:council_race_cards.json|canonical:people.csv
Councillor,1,Hard Parmar,exact,can_c9594ca30dfd58b488098efdd3f1de62,per_e1b5511ae794591686f343715332cb57,confirmed,Hard Parmar,"Parmar, Hard",Parmar,yes,frontend:council_race_cards.json|canonical:people.csv
Councillor,1,Kristian Santos,exact,can_592ac14a3fc8533381be7f9092e85458,,proposed,Kristian Santos,"Santos, Kristian",Santos,yes,frontend:council_race_cards.json
Councillor,2,Jennifer Alexander,exact,can_dd81ae27aeb955d18c488919aed38030,per_b662d676c176558a9b4b0fa3bb165525,confirmed,Jennifer Alexander,"Alexander, Jennifer",Alexander,yes,frontend:council_race_cards.json|canonical:people.csv|data:challengers.csv
Councillor,2,Katie Andrachuk,exact,can_3abc8121a9a95b28bb35a3eda5b2b343,per_053b1f89a8105d269a4f1dead3416f0d,confirmed,Katie Andrachuk,"Andrachuk, Katie",Andrachuk,yes,frontend:council_race_cards.json|canonical:people.csv
Councillor,2,Stephen Holyday,exact,can_47bbbdf2085553daba34e5d65c24be5b,per_cb9a349d2c375d6ca82d06405b9986e0,confirmed,Stephen Holyday,"Holyday, Stephen",Holyday,yes,frontend:council_race_cards.json|canonical:people.csv
Councillor,3,Mihaela Andrei,exact,can_04c60fc4e6835284bedf7cfdaf3858c7,per_0be4f5baaba554eea8d8cb4a5f89f6c0,confirmed,Mihaela Andrei,"Andrei, Mihaela",Andrei,yes,frontend:council_race_cards.json|canonical:people.csv
Councillor,3,Anthony Internicola,exact,can_8bff4122c9a357a2973c22d1269c6cbe,,proposed,Anthony Internicola,"Internicola, Anthony",Internicola,yes,frontend:council_race_cards.json|data:challengers.csv
Councillor,3,Amber Morley,exact,can_10ee922a6726559e8a6169740c7e274c,per_4df1127545935df6850849e0b72a8759,confirmed,Amber Morley,"Morley, Amber",Morley,yes,frontend:council_race_cards.json|canonical:people.csv
Councillor,3,Ted Opitz,exact,can_1d1d36f627f25c7ba7fe126df38dce9f,,proposed,Ted Opitz,"Opitz, Ted",Opitz,yes,frontend:council_race_cards.json|data:challengers.csv
Councillor,4,Michael Corcoran,exact,can_34724951cbf35ba4ab4ee1f6dfeaaeb7,per_4bee7a325c745ca6913bac25540dd1d7,confirmed,Michael Corcoran,"Corcoran, Michael",Corcoran,yes,frontend:council_race_cards.json|canonical:people.csv|data:challengers.csv
Councillor,4,Nadia Guerrera,exact,can_17152ba06db85722b298273abc7be1a8,,proposed,Nadia Guerrera,"Guerrera, Nadia",Guerrera,yes,frontend:council_race_cards.json|data:challengers.csv
Councillor,4,Debbie King,exact,can_d2c1917796de58af9aa45d247ed69fb4,,proposed,Debbie King,"King, Debbie",King,yes,frontend:council_race_cards.json|data:challengers.csv
Councillor,4,Diana Chan McNally,exact,can_deada39a78ce5862a0252276876c1e29,per_339b9419f0ea52a495d24e112c5489c4,confirmed,Diana Chan McNally,"McNally, Diana Chan",McNally,yes,frontend:council_race_cards.json|canonical:people.csv|data:challengers.csv
Councillor,4,Bridget Ogundipe,exact,can_3f1b6e8a272354599cc93b168756700b,per_bb73436e85f55f7b9b303ac513f30c70,confirmed,Bridget Ogundipe,"Ogundipe, Bridget",Ogundipe,yes,frontend:council_race_cards.json|canonical:people.csv|data:challengers.csv
Councillor,4,Adam Pham,exact,can_b610b28f1ca955768fe12738cd130959,,proposed,Adam Pham,"Pham, Adam",Pham,yes,frontend:council_race_cards.json|data:challengers.csv
Councillor,4,Andy Potega,exact,can_7da1dd263fa15196932e0569a04de237,per_85e3ff5ef7fa5ae194b70eadd1400c91,confirmed,Andy Potega,"Potega, Andy",Potega,yes,frontend:council_race_cards.json|canonical:people.csv
Councillor,4,Vanessa Raponi,exact,can_7785eb542c8d56f2ab47f46223e50667,per_f466d8b4d9e7508c9f66a3aad70479ed,confirmed,Vanessa Raponi,"Raponi, Vanessa",Raponi,yes,frontend:council_race_cards.json|canonical:people.csv|data:challengers.csv
Councillor,4,Holly Weber,exact,can_d0f4c7faaaad583a99765b45f424238e,per_600382d826b65d47922da819558a211b,confirmed,Holly Weber,"Weber, Holly",Weber,yes,frontend:council_race_cards.json|canonical:people.csv|data:challengers.csv
Councillor,4,Steve Yuen,exact,can_0c6dd0ca274a594d87ab96e63783ddcf,,proposed,Steve Yuen,"Yuen, Steve",Yuen,yes,frontend:council_race_cards.json
Councillor,5,Sharmarke Ali,exact,can_dca2f5b846215effa90e0fcb0488fcb7,per_677c28b41c0b5d40a037d111f3c9516e,confirmed,Sharmarke Ali,"Ali, Sharmarke",Ali,yes,frontend:council_race_cards.json|canonical:people.csv|data:challengers.csv
Councillor,5,Matthew Boateng,exact,can_d1eca4e0e50f5d39a99745b4295c8524,per_ab26c5d3c976503189ff8e2ee41db282,confirmed,Matthew Boateng,"Boateng, Matthew",Boateng,yes,frontend:council_race_cards.json|canonical:people.csv
Councillor,5,Daniel Di Giorgio,exact,can_b1acbfa8291f56dabaf4b3bbbd63fb73,,proposed,Daniel Di Giorgio,"Di Giorgio, Daniel",Di Giorgio,no,frontend:council_race_cards.json|data:challengers.csv
Councillor,5,Maryama Farah,exact,can_626f27bb0fab5630a02fa0cca0cdc465,per_23e20fcdba8b573091d3e9efdaccfeed,confirmed,Maryama Farah,"Farah, Maryama",Farah,yes,frontend:council_race_cards.json|canonical:people.csv
Councillor,5,Ahmed Mawel,exact,can_9186870604e050cb8245c88dfdbd51a2,per_7c4fecf3a6995b89a6092fa653e1391a,confirmed,Ahmed Mawel,"Mawel, Ahmed",Mawel,yes,frontend:council_race_cards.json|canonical:people.csv
Councillor,5,Frances Nunziata,exact,can_f368a3e52d0e545bbb6ebae997fb1bdf,per_d476ff1e2e605a88914636edbdfcb79a,confirmed,Frances Nunziata,"Nunziata, Frances",Nunziata,yes,frontend:council_race_cards.json|canonical:people.csv
Councillor,5,Nekpen Obasogie,exact,can_c8050c7f04c854c887993a47e90fe2eb,per_8e7c76c97bfb56058c1d98711c98a0cf,confirmed,Nekpen Obasogie,"Obasogie, Nekpen",Obasogie,yes,frontend:council_race_cards.json|canonical:people.csv|data:challengers.csv
Councillor,5,Chiara Padovani,exact,can_b598ffa20c5d5582a75c1d178fa5047f,,proposed,Chiara Padovani,"Padovani, Chiara",Padovani,yes,frontend:council_race_cards.json|data:challengers.csv
Councillor,5,Sileen Phillips,exact,can_a120469102205813ae3b3f17bc67ff63,per_7f5b613e8ef75fd0b1237135f121924d,confirmed,Sileen Phillips,"Phillips, Sileen",Phillips,yes,frontend:council_race_cards.json|canonical:people.csv|data:challengers.csv
Councillor,6,Alexander Artamonov,exact,can_03c66fbe857d5f70acdc50b3ee10a212,per_d84af16eb4e953f18cd10c69e5d2ac87,confirmed,Alexander Artamonov,"Artamonov, Alexander",Artamonov,yes,frontend:council_race_cards.json|canonical:people.csv
Councillor,6,Conroy Irving,exact,can_ac80d793fcf5583391aab30fdf4d2cd1,per_d22df210b6245ddb86d410f3af0c23c0,confirmed,Conroy Irving,"Irving, Conroy",Irving,yes,frontend:council_race_cards.json|canonical:people.csv|data:challengers.csv
Councillor,6,James Pasternak,exact,can_0aee4bd40f7c5ca99c87bf0689ba951b,per_3f72f66a6a385b0eae3279e7de8d12a0,confirmed,James Pasternak,"Pasternak, James",Pasternak,yes,frontend:council_race_cards.json|canonical:people.csv
Councillor,7,Lorna Antwi,exact,can_b2f4ed7ace775a9e8139ab0d9a83929a,per_193d2a772322531c8411a9497cec9e2e,confirmed,Lorna Antwi,"Antwi, Lorna",Antwi,yes,frontend:council_race_cards.json|canonical:people.csv|data:challengers.csv
Councillor,7,Amanda Coombs,exact,can_74a28f18b70155c09302f32954f93610,,proposed,Amanda Coombs,"Coombs, Amanda",Coombs,yes,frontend:council_race_cards.json|data:challengers.csv
Councillor,7,Anthony Perruzza,exact,can_8164ef2b771950ebbe2913e7c4b5e8fd,per_18786ecd2dc7506794ac10340a5f68f6,confirmed,Anthony Perruzza,"Perruzza, Anthony",Perruzza,yes,frontend:council_race_cards.json|canonical:people.csv
Councillor,8,Mike Colle,exact,can_3934cc2ba6395449b323ba47fdc50951,per_f560221dfe455207a9cc597093a3b671,confirmed,Mike Colle,"Colle, Mike",Colle,yes,frontend:council_race_cards.json|canonical:people.csv
Councillor,8,Liz Grade,exact,can_7be3858047c658c0ae8432a09a65cd61,,proposed,Liz Grade,"Grade, Liz",Grade,yes,frontend:council_race_cards.json|data:challengers.csv
Councillor,8,Domenico Maiolo,exact,can_93b1e0d36a1c50a8bb9593487bd47055,,proposed,Domenico Maiolo,"Maiolo, Domenico",Maiolo,yes,frontend:council_race_cards.json
Councillor,8,Jason McDonald,exact,can_38b26e9593d45bcd991b233d966b6023,per_373ca385aeac5c228c22a7e18a497f2c,confirmed,Jason McDonald,"McDonald, Jason",McDonald,yes,frontend:council_race_cards.json|canonical:people.csv|data:challengers.csv
Councillor,8,Enzo Torrone,exact,can_a7606a11ff5a5d73807164ec4ff588cc,per_f3b8a550cc92549089fd95c6634f60cf,confirmed,Enzo Torrone,"Torrone, Enzo",Torrone,yes,frontend:council_race_cards.json|canonical:people.csv|data:challengers.csv
Councillor,8,Daniel Trayes,exact,can_e8102ec23639574ba62dde7fb96743dc,,proposed,Daniel Trayes,"Trayes, Daniel",Trayes,yes,frontend:council_race_cards.json|data:challengers.csv
Councillor,9,Alejandra Bravo,exact,can_06e9de5734dd5d97a4c2cde85a5ea016,per_b3471e8be4765e51b0381303a6c7a36d,confirmed,Alejandra Bravo,"Bravo, Alejandra",Bravo,yes,frontend:council_race_cards.json|canonical:people.csv
Councillor,9,Ashley Jansen,exact,can_bd2f517d1c245c24a7350daae2838931,per_547475c0c45c536c8180edf74c46c0c7,confirmed,Ashley Jansen,"Jansen, Ashley",Jansen,yes,frontend:council_race_cards.json|canonical:people.csv
Councillor,9,Marco Martins,exact,can_0011203693df5f4bbd56eda350858802,per_8d4ee1006d5f5d0abac9460638da044a,confirmed,Marco Martins,"Martins, Marco",Martins,yes,frontend:council_race_cards.json|canonical:people.csv
Councillor,9,Neil Simon,exact,can_6955360935e55c00ac749810e83c6e99,,proposed,Neil Simon,"Simon, Neil",Simon,yes,frontend:council_race_cards.json|data:challengers.csv
Councillor,10,Ian Cunningham,exact,can_ad42223760b35c96b0449ef670d9845a,per_07cd6bc3663455ed824a9f761e01f37c,confirmed,Ian Cunningham,"Cunningham, Ian",Cunningham,yes,frontend:council_race_cards.json|canonical:people.csv|data:challengers.csv
Councillor,10,Xue Ding,exact,can_de69859aa6e3580db7f8ebe69a56a7ca,per_91bf5315163150bb916d058da657e701,confirmed,Xue Ding,"Ding, Xue",Ding,yes,frontend:council_race_cards.json|canonical:people.csv|data:challengers.csv
Councillor,10,Andi Hoàng-Lefranc,exact,can_8c65727cd591563ead315441d782ce40,per_c04c3ef94ebe535a922fc6952d99f16b,confirmed,Andi Hoàng-Lefranc,"Hoang Lefranc, Andi",Hoàng-Lefranc,yes,frontend:council_race_cards.json|canonical:people.csv
Councillor,10,Bashar Kassir,exact,can_6ce460418db35fc0a2250f2c60e2e1ef,per_bf2f3ef33fe85c22ae8d63298fc864b6,confirmed,Bashar Kassir,"Kassir, Bashar",Kassir,yes,frontend:council_race_cards.json|canonical:people.csv|data:challengers.csv
Councillor,10,Ausma Malik,exact,can_4e5688e335d85ba38dea71c20fc80f46,per_bfeb35d94dc45455987133a9e9091a58,confirmed,Ausma Malik,"Malik, Ausma",Malik,yes,frontend:council_race_cards.json|canonical:people.csv
Councillor,10,Paul Nash,exact,can_92fd0c9122055fc284c5956cf912b42e,per_bb48705446b35f4388147ef59634c458,confirmed,Paul Nash,"Nash, Paul",Nash,yes,frontend:council_race_cards.json|canonical:people.csv|data:challengers.csv
Councillor,10,Husain Neemuchwala,exact,can_8805f1f7276f5972826482864779ff6f,,proposed,Husain Neemuchwala,"Neemuchwala, Husain",Neemuchwala,yes,frontend:council_race_cards.json|data:challengers.csv
Councillor,10,Aanchal Vashistha,exact,can_4e6442d48d075767a5dd46d160b57f83,per_ca43561c0ce35ee782e9bf47d18907c9,confirmed,Aanchal Vashistha,"Vashistha, Aanchal",Vashistha,yes,frontend:council_race_cards.json|canonical:people.csv|data:challengers.csv
Councillor,11,Keenan Courtis,exact,can_7e516ccec6de558e864374ab0f54a18b,per_2cca1ae5a9fc5741b134683133845a2c,confirmed,Keenan Courtis,"Courtis, Keenan",Courtis,yes,frontend:council_race_cards.json|canonical:people.csv|data:challengers.csv
Councillor,11,Terri Hawkes,exact,can_9d28f5119b6058edae2b5f70aee1a9f1,per_b5618095325958f5832d7662d59a59a9,confirmed,Terri Hawkes,"Hawkes, Terri",Hawkes,yes,frontend:council_race_cards.json|canonical:people.csv|data:challengers.csv
Councillor,11,Mike Layton,exact,can_81c11d896efb5f3cb9f2f8a26971b8e8,,proposed,Mike Layton,"Layton, Mike",Layton,yes,frontend:council_race_cards.json
Councillor,11,Karina Lemke,exact,can_b641cda5672b5d5dba7136d85fe3905d,per_8ef41f7ab84b5e5bbce86722fdc55d31,confirmed,Karina Lemke,"Lemke, Karina",Lemke,yes,frontend:council_race_cards.json|canonical:people.csv|data:challengers.csv
Councillor,11,Alice Li,exact,can_14c73bbcec95563b8c78de4ac86f2ba6,per_fdb53086f6c9574e82e7b9edb6010c75,confirmed,Alice Li,"Li, Alice",Li,yes,frontend:council_race_cards.json|canonical:people.csv|data:challengers.csv
Councillor,11,Huy Lieu,exact,can_24f337ca82a45b6a926a9be0ccb2e51f,,proposed,Huy Lieu,"Lieu, Huy",Lieu,yes,frontend:council_race_cards.json|data:challengers.csv
Councillor,11,Gian Pileri,exact,can_9b6a04be85725ffb9ea8e9b71ffd793e,per_44a694262a835180adfa7ef4dacbacd3,confirmed,Gian Pileri,"Pileri, Gian",Pileri,yes,frontend:council_race_cards.json|canonical:people.csv|data:challengers.csv
Councillor,11,Paul Viret,exact,can_60716e6ea1e45c18abfae15a38f3d4f8,per_05dba9a6c82a59a79e554e8893297d22,confirmed,Paul Viret,"Viret, Paul",Viret,yes,frontend:council_race_cards.json|canonical:people.csv
Councillor,11,Diana Yoon,exact,can_877c97222034572c803bd91174e15c38,,proposed,Diana Yoon,"Yoon, Diana",Yoon,yes,frontend:council_race_cards.json|data:challengers.csv
Councillor,12,David Cottrell,exact,can_c5e1b74a135259088199df529e59661b,per_a454e96878e15b71b3dd9d38d09f6c5f,confirmed,David Cottrell,"Cottrell, David",Cottrell,yes,frontend:council_race_cards.json|canonical:people.csv
Councillor,12,Jenny Kalimbet,exact,can_f609cbd46b4e5bc89af2d60d7c683b0f,,proposed,Jenny Kalimbet,"Kalimbet, Jenny",Kalimbet,yes,frontend:council_race_cards.json|data:challengers.csv
Councillor,12,Ahmed Kamal,exact,can_f5dd439e38b052f99a20e53ac2702506,per_1abb1eba4bfe58dd8f1a2d5426c9c358,confirmed,Ahmed Kamal,"Kamal, Ahmed",Kamal,yes,frontend:council_race_cards.json|canonical:people.csv|data:challengers.csv
Councillor,12,Josh Matlow,exact,can_f0eef9233b0c57268fe3d1a894b0dc36,per_69529146105a5d85ae577db19104ceed,confirmed,Josh Matlow,"Matlow, Josh",Matlow,yes,frontend:council_race_cards.json|canonical:people.csv
Councillor,12,Bob Murphy,exact,can_5efcb26d1a7d5b03ae5d938f5f43fb33,,proposed,Bob Murphy,"Murphy, Bob",Murphy,yes,frontend:council_race_cards.json
Councillor,12,Mina Nadimi,exact,can_5fcf90938f7555c18b92382fdce69086,per_5e27ccd16b2a52c98e7764acdd63344f,confirmed,Mina Nadimi,"Nadimi, Mina",Nadimi,yes,frontend:council_race_cards.json|canonical:people.csv|data:challengers.csv
Councillor,13,Joe Cadeau,exact,can_bfe31987ee285930912ced319aa2ef23,per_758a4b12ea145c53b18244f934fe278b,confirmed,Joe Cadeau,"Cadeau, Joe",Cadeau,yes,frontend:council_race_cards.json|canonical:people.csv|data:challengers.csv
Councillor,13,Tom Cai,exact,can_4b0aef437a8b5ee9b012b0a2784cd08c,per_9024cf7fbce05ac79665bf494fca7572,confirmed,Tom Cai,"Cai, Tom",Cai,yes,frontend:council_race_cards.json|canonical:people.csv|data:challengers.csv
Councillor,13,Victoria Davis,exact,can_568a052fca7354c793c3647e04757349,per_198d7058ebae57d8b3d5040e3f074d06,confirmed,Victoria Davis,"Davis, Victoria",Davis,yes,frontend:council_race_cards.json|canonical:people.csv|data:challengers.csv
Councillor,13,Morgan Harris,exact,can_ba6b5b4a3ab451eea2768df03cc4201d,per_9ff2a37ff829503ebf8f4b552c06350f,confirmed,Morgan Harris,"Harris, Morgan",Harris,yes,frontend:council_race_cards.json|canonical:people.csv
Councillor,13,Walied Khogali Ali,exact,can_8a90ed20f33c5344bc7bf4e30765fcf4,per_924ddb5c96f651c5a493f09391975a29,confirmed,Walied Khogali Ali,"Khogali Ali, Walied",Khogali Ali,no,frontend:council_race_cards.json|canonical:people.csv|data:challengers.csv
Councillor,13,Norman MacLeod,exact,can_961eedf31f7a5a128f933e255fc9e84a,,proposed,Norman MacLeod,"MacLeod, Norman",MacLeod,yes,frontend:council_race_cards.json
Councillor,13,Cleveland Marshall,exact,can_782b9fe3d44e5f22915ed8350f7029f6,,proposed,Cleveland Marshall,"Marshall, Cleveland",Marshall,yes,frontend:council_race_cards.json
Councillor,13,Chris Moise,exact,can_d1f0d6ec825a5e8880c7a0127fb4c0cd,per_f1f71e7ebd7157cda9b8d44c62c4c294,confirmed,Chris Moise,"Moise, Chris",Moise,yes,frontend:council_race_cards.json|canonical:people.csv
Councillor,13,Curran Stikuts,exact,can_3d4ce576030557299e055e6b45190f80,per_575bb20c0dd95f61962fbff687c3bd9a,confirmed,Curran Stikuts,"Stikuts, Curran",Stikuts,yes,frontend:council_race_cards.json|canonical:people.csv|data:challengers.csv
Councillor,13,Daniel Tate,exact,can_9ceca34d841452bc9fd6d80bc14ee751,per_56d079e12a5c5002bf92f77ce5b11a13,confirmed,Daniel Tate,"Tate, Daniel",Tate,yes,frontend:council_race_cards.json|canonical:people.csv|data:challengers.csv
Councillor,13,Nicki Ward,exact,can_8541696c67bf5545a1fd79c43cd0180c,,proposed,Nicki Ward,"Ward, Nicki",Ward,yes,frontend:council_race_cards.json|data:challengers.csv
Councillor,14,Maqsood Ahmad,exact,can_0bf3661a802a50c19b76c270ead00c4b,per_69b48ba042025a9c97a7be4d2f57e982,confirmed,Maqsood Ahmad,"Ahmad, Maqsood",Ahmad,yes,frontend:council_race_cards.json|canonical:people.csv
Councillor,14,Susan Chapelle,exact,can_c63e425455ab55b8ae4496922b0187f1,per_3cdc7243956c5b6099e8162f2f7326a5,confirmed,Susan Chapelle,"Chapelle, Susan",Chapelle,yes,frontend:council_race_cards.json|canonical:people.csv|data:challengers.csv
Councillor,14,Michael Connor,exact,can_f9b81dc4512a50749e9734ec9c59b79c,,proposed,Michael Connor,"Connor, Michael",Connor,yes,frontend:council_race_cards.json
Councillor,14,Dennis Corcoran,exact,can_1d3e23722c855c58af8c23fd827de679,per_756651ef7aef5ce78669c3e60694a69a,confirmed,Dennis Corcoran,"Corcoran, Dennis",Corcoran,yes,frontend:council_race_cards.json|canonical:people.csv
Councillor,14,Robb Dagenais,exact,can_cff300e32aa85c82b6d6d813c86e404f,per_f99eb31464f95a99ad07922b44dc8f8f,confirmed,Robb Dagenais,"Dagenais, Robb",Dagenais,yes,frontend:council_race_cards.json|canonical:people.csv
Councillor,14,Peter De Marco,exact,can_008331e48c95571bac3944272066341a,,proposed,Peter De Marco,"De Marco, Peter",De Marco,no,frontend:council_race_cards.json
Councillor,14,Sara Ehrhardt,exact,can_da117a7113585e409568869f9e572fc8,,proposed,Sara Ehrhardt,"Ehrhardt, Sara",Ehrhardt,yes,frontend:council_race_cards.json
Councillor,14,George Fawcett,exact,can_c59ba9836c8654119e880ce50cccbf57,per_08cccfe64c025a2884bebb44003bd6ac,confirmed,George Fawcett,"Fawcett, George",Fawcett,yes,frontend:council_race_cards.json|canonical:people.csv
Councillor,14,Mary Fragedakis,exact,can_e51e90f6357e5337a7b1cfadb8d0ce1e,,proposed,Mary Fragedakis,"Fragedakis, Mary",Fragedakis,yes,frontend:council_race_cards.json
Councillor,14,John Kladitis,exact,can_f1a0b3ceb9c25e3ab61cd5c3c29ce15c,,proposed,John Kladitis,"Kladitis, John",Kladitis,yes,frontend:council_race_cards.json
Councillor,14,Michael Mitchell,exact,can_88842a79e6535a85910c35fa1524b306,,proposed,Michael Mitchell,"Mitchell, Michael",Mitchell,yes,frontend:council_race_cards.json
Councillor,14,Caryma Sa'd,exact,can_d3cdec6d9c895c7484d733c381e06cba,per_c8ac0e0284755cd29ae969addf820b2e,confirmed,Caryma Sa'd,"Sad, Caryma",Sa'd,yes,frontend:council_race_cards.json|canonical:people.csv
Councillor,14,Dianne Saxe,exact,can_49b595a977475ca1b7477b59834817c6,per_4569490f5d825a0ca8c7320b499d8090,confirmed,Dianne Saxe,"Saxe, Dianne",Saxe,yes,frontend:council_race_cards.json|canonical:people.csv
Councillor,14,Devyn Stackhouse,exact,can_962c3f599e2e54e0aa6629dc0c6e0324,per_7b7905136782572aa9b22c26d7bf5e3e,confirmed,Devyn Stackhouse,"Stackhouse, Devyn",Stackhouse,yes,frontend:council_race_cards.json|canonical:people.csv
Councillor,14,Jason Stevens,exact,can_d44b873da8525f7b9d447aea2008fcd9,,proposed,Jason Stevens,"Stevens, Jason",Stevens,yes,frontend:council_race_cards.json|data:challengers.csv
Councillor,14,Christiane Tetreault,exact,can_933dc947eb455a8089066dd426bb56cc,per_bdf2d744343d5968ab9694b534a6ad61,confirmed,Christiane Tetreault,"Tetreault, Christiane",Tetreault,yes,frontend:council_race_cards.json|canonical:people.csv
Councillor,14,Maria Voutsinas,exact,can_f2571c0845b95d6d9a3dd7cf0b241af4,per_488ab5212b6f5c969b7ef53c775dc6c9,confirmed,Maria Voutsinas,"Voutsinas, Maria",Voutsinas,yes,frontend:council_race_cards.json|canonical:people.csv
Councillor,14,Denise Walcott,exact,can_d33ac7f9e10651b1907656bb2bf3d9d1,,proposed,Denise Walcott,"Walcott, Denise",Walcott,yes,frontend:council_race_cards.json
Councillor,15,Rachel Chernos Lin,exact,can_2bd1031bade45386afb939f58e00bc7c,per_2ca884fa7ffe5c61a4bd0afcbf153fed,confirmed,Rachel Chernos Lin,"Chernos Lin, Rachel",Chernos Lin,no,frontend:council_race_cards.json|canonical:people.csv
Councillor,15,Sheena Sharp,exact,can_b729c717a0ba59d3ac8ac062813205fd,,proposed,Sheena Sharp,"Sharp, Sheena",Sharp,yes,frontend:council_race_cards.json
Councillor,15,Denis Tsang,exact,can_37fc02e34ff951abb0a89a803e12a48c,per_80867fcda91254a190015932edd9b1d4,confirmed,Denis Tsang,"Tsang, Denis",Tsang,yes,frontend:council_race_cards.json|canonical:people.csv
Councillor,16,Jon Burnside,exact,can_3d04d5bdb8ef5da8adb96314f7e9ccff,per_9387d636b99c5fdd8edee8549f902b74,confirmed,Jon Burnside,"Burnside, Jon",Burnside,yes,frontend:council_race_cards.json|canonical:people.csv
Councillor,16,Sinan Erdemir,exact,can_e6a52d7f1dec52dca117a475cb6ecfa8,per_3bbfe828bb915c9aac273f04020fd1c9,confirmed,Sinan Erdemir,"Erdemir, Sinan",Erdemir,yes,frontend:council_race_cards.json|canonical:people.csv|data:challengers.csv
Councillor,16,Didi Moffat,exact,can_5d9ac0744ce65c19be8b0275038f807a,per_47842194f72b529d80664350ca0cf634,confirmed,Didi Moffat,"Moffat, Didi",Moffat,yes,frontend:council_race_cards.json|canonical:people.csv
Councillor,16,Stacey Moffatt,exact,can_a0fa4026af4c5b789b9c4a06d3839a91,per_38e126adae9f5ad19a4421d24fdedadf,confirmed,Stacey Moffatt,"Moffatt, Stacey",Moffatt,yes,frontend:council_race_cards.json|canonical:people.csv|data:challengers.csv
Councillor,17,Jeffery Adamson,exact,can_8b3a360570785e81ab3c20fc10b316e3,per_68605351654a514ca76b92f57fda4c79,confirmed,Jeffery Adamson,"Adamson, Jeffery",Adamson,yes,frontend:council_race_cards.json|canonical:people.csv|data:challengers.csv
Councillor,17,Shelley Carroll,exact,can_0a3c62f981215bf2a20a08b3860f4f01,per_4238a9a971965995ac6c577c126f8161,confirmed,Shelley Carroll,"Carroll, Shelley",Carroll,yes,frontend:council_race_cards.json|canonical:people.csv
Councillor,17,Jethro Adir Kavod,exact,can_cb8439cf301c58499fd4a3911ee724f4,per_9eeeabcfa6c35fb2b92ae50520bcddf5,confirmed,Jethro Adir Kavod,"Kavod, Jethro Adir",Kavod,yes,frontend:council_race_cards.json|canonical:people.csv
Councillor,17,Hassan Mubarak Noor Mohamed,exact,can_64ccca5a2adb5baa8a76aa3a25c4ffc3,per_72fcb0c564655a0f9e2156e08b700feb,confirmed,Hassan Mubarak Noor Mohamed,"Noor Mohamed, Hassan Mubarak",Noor Mohamed,no,frontend:council_race_cards.json|canonical:people.csv|data:challengers.csv
Councillor,17,Roy Samathanam,exact,can_5a473410816a5f52b213a9785070414d,per_bfcb11a8e9855e459ba02b77f93bb924,confirmed,Roy Samathanam,"Samathanam, Roy",Samathanam,yes,frontend:council_race_cards.json|canonical:people.csv|data:challengers.csv
Councillor,17,Hong Xiao,exact,can_49ab3dd0e5e75b778006e057b8309861,per_9a69b4d46de25e3890471cf23574e3ee,confirmed,Hong Xiao,"Xiao, Hong",Xiao,yes,frontend:council_race_cards.json|canonical:people.csv
Councillor,17,Sabrina Zuniga,exact,can_20a5587ffa6b53858a5bf2709b0a09dc,,proposed,Sabrina Zuniga,"Zuniga, Sabrina",Zuniga,yes,frontend:council_race_cards.json|data:challengers.csv
Councillor,18,Lily Cheng,exact,can_43b902d7e35c5ba797370fa0395d6d7a,per_93dd2a3cb85f59acb3d5ea5a67b3801e,confirmed,Lily Cheng,"Cheng, Lily",Cheng,yes,frontend:council_race_cards.json|canonical:people.csv
Councillor,18,Nicole Daneshvar,exact,can_c7f144bad08852c5a53a17e52d0796bf,per_5e447b38872c56e2b9840e69d6951483,confirmed,Nicole Daneshvar,"Daneshvar, Nicole",Daneshvar,yes,frontend:council_race_cards.json|canonical:people.csv
Councillor,18,David Magazzinich,exact,can_1b62b6d9ae8e568b9c7992acb414a5dc,per_106ce37e7e26584184cab7c1a3428bc0,confirmed,David Magazzinich,"Magazzinich, David",Magazzinich,yes,frontend:council_race_cards.json|canonical:people.csv|data:challengers.csv
Councillor,18,Hamid Shakeri,exact,can_e54d130671ef5afba5ebe274be312d1e,,proposed,Hamid Shakeri,"Shakeri, Hamid",Shakeri,yes,frontend:council_race_cards.json
Councillor,18,Nathan Yusifov,exact,can_be5a9dce794c55b1adf411c3b1df8dea,per_d7e91b5485715b68afb4a7943c9a5d6a,confirmed,Nathan Yusifov,"Yusifov, Nathan",Yusifov,yes,frontend:council_race_cards.json|canonical:people.csv|data:challengers.csv
Councillor,18,Ardeshir Zarezade,exact,can_450e3113e42453509be01c717ba16606,per_0fc4da45af0452739469061842a28573,confirmed,Ardeshir Zarezade,"Zarezade, Ardeshir",Zarezade,yes,frontend:council_race_cards.json|canonical:people.csv|data:challengers.csv
Councillor,19,Syeda Jaana Ali,exact,can_2faec835397f5561be472b2b0ccde84f,per_05e2054361085d8f860959a1f93c9d70,confirmed,Syeda Jaana Ali,"Ali, Syeda Jaana",Ali,yes,frontend:council_race_cards.json|canonical:people.csv
Councillor,19,James Dann,exact,can_a678fafa3fb254fb8a68314daa574d61,per_fef192c31abc52749cc2a17ffa69ccf9,confirmed,James Dann,"Dann, James",Dann,yes,frontend:council_race_cards.json|canonical:people.csv|data:challengers.csv
Councillor,19,Nate Erskine-Smith,exact,can_fdeaeb255a9e586fb9775fe5bb8f011b,,proposed,Nate Erskine-Smith,"Erskine Smith, Nate",Erskine-Smith,yes,frontend:council_race_cards.json
Councillor,19,Fatima Ibrahimi,exact,can_b9fb3eab61b757b1a710571de7fd4f75,per_1dcdac9c31d653cf878311e2b0cf56f6,confirmed,Fatima Ibrahimi,"Ibrahimi, Fatima",Ibrahimi,yes,frontend:council_race_cards.json|canonical:people.csv
Councillor,19,Natalie Johnson,exact,can_e97be54e878d51ca9bb9cc661cb90998,per_b9e697f3f19057f3810dfe09602f78cd,confirmed,Natalie Johnson,"Johnson, Natalie",Johnson,yes,frontend:council_race_cards.json|canonical:people.csv|data:challengers.csv
Councillor,19,Kevin Morrison,exact,can_0d98ec79ea1f5994b1be5f4299a9f756,,proposed,Kevin Morrison,"Morrison, Kevin",Morrison,yes,frontend:council_race_cards.json|data:challengers.csv
Councillor,19,Karsten Riedel,exact,can_0068501ce20f533fb835a21e5729c8be,per_4fcfcab22ced54d78aa8690e8d4dedcb,confirmed,Karsten Riedel,"Riedel, Karsten",Riedel,yes,frontend:council_race_cards.json|canonical:people.csv
Councillor,19,Mohammad Shabani,exact,can_4c0e2d55aff7583ba1f6cdc51f910e4a,,proposed,Mohammad Shabani,"Shabani, Mohammad",Shabani,yes,frontend:council_race_cards.json
Councillor,19,Adam Smith,exact,can_3554de736ce75ac09a7be824cc24556e,,proposed,Adam Smith,"Smith, Adam",Smith,yes,frontend:council_race_cards.json|data:challengers.csv
Councillor,19,Austin Vieira,exact,can_cbe78b76e36f598cb97b5f3dbe4b3985,per_3377ede0d8cc5cb78eb35c07c7c8a2de,confirmed,Austin Vieira,"Vieira, Austin",Vieira,yes,frontend:council_race_cards.json|canonical:people.csv|data:challengers.csv
Councillor,19,Jeff Wahl,exact,can_d8ee059d9d83552781af995519361cc3,per_4cd8e8a8e87756e3a5421a79bdb610a7,confirmed,Jeff Wahl,"Wahl, Jeff",Wahl,yes,frontend:council_race_cards.json|canonical:people.csv|data:challengers.csv
Councillor,19,Devin Wilkins,exact,can_63636534ebb35cacbf7c7ef87a404a58,per_e338b8f2a167546abb47a904da9fd0ca,confirmed,Devin Wilkins,"Wilkins, Devin",Wilkins,yes,frontend:council_race_cards.json|canonical:people.csv|data:challengers.csv
Councillor,19,Jennie Worden,exact,can_80fa6017461554dfb309cf79180488ea,,proposed,Jennie Worden,"Worden, Jennie",Worden,yes,frontend:council_race_cards.json|data:challengers.csv
Councillor,20,Laikul Choudhury,exact,can_df637d433cdb5154848764bd9361cc3e,per_e2a68160de2e52a7a6af7ccc59293852,confirmed,Laikul Choudhury,"Choudhury, Laikul",Choudhury,yes,frontend:council_race_cards.json|canonical:people.csv
Councillor,20,Naser Kaid,exact,can_085d492e0c8f5dd5b00585a69bee4692,,proposed,Naser Kaid,"Kaid, Naser",Kaid,yes,frontend:council_race_cards.json
Councillor,20,Parthi Kandavel,exact,can_9fdda0e71bd5578dab7a9bab4d7f5d4d,per_a9f196f1be635c4eaf83ff095681fa79,confirmed,Parthi Kandavel,"Kandavel, Parthi",Kandavel,yes,frontend:council_race_cards.json|canonical:people.csv
Councillor,20,Ariel-Rachel Karokis,exact,can_8ae02ea5a5335478a6180a19d3718114,per_f51cd51857725da6a3e0b7c210441a0d,confirmed,Ariel-Rachel Karokis,"Karokis, Ariel Rachel",Karokis,yes,frontend:council_race_cards.json|canonical:people.csv|data:challengers.csv
Councillor,20,Luigi Lisciandro,exact,can_ce185ce6e3535a058c1ead4ff5d4ed3d,,proposed,Luigi Lisciandro,"Lisciandro, Luigi",Lisciandro,yes,frontend:council_race_cards.json
Councillor,20,Sharmina Nasrin,exact,can_8bc64f019354565cb0da2f2327f4e22b,per_bc6aa953769d53e0b289a23e8fe0ef31,confirmed,Sharmina Nasrin,"Nasrin, Sharmina",Nasrin,yes,frontend:council_race_cards.json|canonical:people.csv|data:challengers.csv
Councillor,20,Mohammad Ali Reza,exact,can_5fee70084e8d56b89a52268379c8b49f,per_dfc6148b8027523e8cca33151d8aaa68,confirmed,Mohammad Ali Reza,"Reza, Mohammad Ali",Reza,yes,frontend:council_race_cards.json|canonical:people.csv|data:challengers.csv
Councillor,20,Kevin Rupasinghe,exact,can_ff612ea57f085ce083280ce61577dada,,proposed,Kevin Rupasinghe,"Rupasinghe, Kevin",Rupasinghe,yes,frontend:council_race_cards.json|data:challengers.csv
Councillor,21,Taiba Ahmed,exact,can_ecf4df0199ec5705ba41e05a927fabd8,per_9cc037db9a925b1d8b1e15c771936627,confirmed,Taiba Ahmed,"Ahmed, Taiba",Ahmed,yes,frontend:council_race_cards.json|canonical:people.csv|data:challengers.csv
Councillor,21,Bahareh Barahmand,exact,can_4fa46fa2cf1458f9b5c22cec983c3db6,per_2649f900d86f5ef0ad2d07236923de8b,confirmed,Bahareh Barahmand,"Barahmand, Bahareh",Barahmand,yes,frontend:council_race_cards.json|canonical:people.csv
Councillor,21,Patience Evbagharu,exact,can_7ddda9713509503984a3a8b6e5426c03,per_64480eeec1525685a68c7629cc27dd86,confirmed,Patience Evbagharu,"Evbagharu, Patience",Evbagharu,yes,frontend:council_race_cards.json|canonical:people.csv|data:challengers.csv
Councillor,21,Uthish Ganesh,exact,can_85fbe2389397564d83696c9cf72e4a62,per_fb4ca92a498957788a0fd3fcb57a2015,confirmed,Uthish Ganesh,"Ganesh, Uthish",Ganesh,yes,frontend:council_race_cards.json|canonical:people.csv
Councillor,21,Stella Kargiannakis,exact,can_3f4c0c016a4c557caa57128cdaa33f45,,proposed,Stella Kargiannakis,"Kargiannakis, Stella",Kargiannakis,yes,frontend:council_race_cards.json
Councillor,21,Akina Lalla,exact,can_0a0739d363f258819435fe0ade2f9b19,per_c3971df993cc52c7877fd2957d97782e,confirmed,Akina Lalla,"Lalla, Akina",Lalla,yes,frontend:council_race_cards.json|canonical:people.csv
Councillor,21,Nisha Kumari,exact,can_348d51aa446659e096d6b097a8252513,per_14f229e5e456583691e4ae55f3b56daf,confirmed,Nisha Kumari,Nisha Kumari,Nisha Kumari,no,frontend:council_race_cards.json|canonical:people.csv
Councillor,21,Willie Reodica,exact,can_841f609c943253f8a262ab6feba9f722,,proposed,Willie Reodica,"Reodica, Willie",Reodica,yes,frontend:council_race_cards.json
Councillor,21,Madura Shanmugaratnam,exact,can_e2eed01d424c51a291289376e115e7b1,per_08d598df0ecf5a1286a61eeec917d827,confirmed,Madura Shanmugaratnam,"Shanmugaratnam, Madura",Shanmugaratnam,yes,frontend:council_race_cards.json|canonical:people.csv|data:challengers.csv
Councillor,21,Michael Thompson,exact,can_71d0b0ede70a5a45a0f3ca553a2c73b0,per_d6e9f3947fda53a490136416df97c3cf,confirmed,Michael Thompson,"Thompson, Michael",Thompson,yes,frontend:council_race_cards.json|canonical:people.csv
Councillor,21,Krissan Veerasingam,exact,can_a62cbdb903f75afe8bf55d16a086c071,per_c3a89597f4da5971a9ed022b6592ddf5,confirmed,Krissan Veerasingam,"Veerasingam, Krissan",Veerasingam,yes,frontend:council_race_cards.json|canonical:people.csv|data:challengers.csv
Councillor,22,Madhuri Azad,exact,can_ccf7ecae756b52a090a17f30f39dd208,per_a7b774fc423d598ea71bc3aaa51ec221,confirmed,Madhuri Azad,"Azad, Madhuri",Azad,yes,frontend:council_race_cards.json|canonical:people.csv|data:challengers.csv
Councillor,22,Bill Chan,exact,can_ba3f29bc9a58599099dc707240f9805a,per_bf461b68e335517ba6c39f389c60e735,confirmed,Bill Chan,"Chan, Bill",Chan,yes,frontend:council_race_cards.json|canonical:people.csv|data:challengers.csv
Councillor,22,Jackson Ho,exact,can_93a11744de755f9b8e09f34163c066cb,per_4c6b1de7ce7b58eab3569caa6305b9cb,confirmed,Jackson Ho,"Ho, Jackson",Ho,yes,frontend:council_race_cards.json|canonical:people.csv|data:challengers.csv
Councillor,22,Serge Khatchadourian,exact,can_10d67ed98b13555591022b37256041dc,,proposed,Serge Khatchadourian,"Khatchadourian, Serge",Khatchadourian,yes,frontend:council_race_cards.json
Councillor,22,Rakhee Kotecha,exact,can_fc6a2303f672526b906e41059599f1b1,per_888c0183e3e2547dba099730fa594e39,confirmed,Rakhee Kotecha,"Kotecha, Rakhee",Kotecha,yes,frontend:council_race_cards.json|canonical:people.csv
Councillor,22,Aaron Lal,exact,can_a6a76ef0705f5184862c27fbce09a431,per_d027b31b250d522490263f0254e42324,confirmed,Aaron Lal,"Lal, Aaron",Lal,yes,frontend:council_race_cards.json|canonical:people.csv
Councillor,22,Dan Lovell,exact,can_2f81660c7da35490a94ce976f3709e00,,proposed,Dan Lovell,"Lovell, Dan",Lovell,yes,frontend:council_race_cards.json|data:challengers.csv
Councillor,22,Nick Mantas,exact,can_4c18cca55e9d5f0a9574e97613157eee,per_fb6a517ea8b55026b7d6afdf59820e53,confirmed,Nick Mantas,"Mantas, Nick",Mantas,yes,frontend:council_race_cards.json|canonical:people.csv
Councillor,22,Donny Morgan,exact,can_42845001944e576e98a007147806b3bb,,proposed,Donny Morgan,"Morgan, Donny",Morgan,yes,frontend:council_race_cards.json|data:challengers.csv
Councillor,22,Sindia Vijayarajan,exact,can_b832501e18df5cdf90279c128257f0f5,per_21703ae905d2566a8d28e03e95fdeb30,confirmed,Sindia Vijayarajan,"Vijayarajan, Sindia",Vijayarajan,yes,frontend:council_race_cards.json|canonical:people.csv
Councillor,23,Shaun Chen,exact,can_89396de2f8715f4898764527bf3b5b56,,proposed,Shaun Chen,"Chen, Shaun",Chen,yes,frontend:council_race_cards.json
Councillor,23,Han Dong,exact,can_4ae18d5f140d5601bcef68562caa0f77,,unresolved,Han Dong,"Dong, Han",Dong,yes,frontend:council_race_cards.json|data:challengers.csv
Councillor,23,Sajawal Javed,exact,can_f5da7c35e68559f8a9707ffc6f81c3ca,per_893233e01a2f5f12a8d69ca812ed91db,confirmed,Sajawal Javed,"Javed, Sajawal",Javed,yes,frontend:council_race_cards.json|canonical:people.csv|data:challengers.csv
Councillor,23,Kevin Li,exact,can_10c6716fcbb35627813e61e592a5f883,per_b5f8aef2eca1563ba7620135d3c330c5,confirmed,Kevin Li,"Li, Kevin",Li,yes,frontend:council_race_cards.json|canonical:people.csv|data:challengers.csv
Councillor,23,Jamaal Myers,exact,can_7e48ff22e1285e67b903e960711b588f,per_b5382bf239c9521faee4a4a38f1a7e1c,confirmed,Jamaal Myers,"Myers, Jamaal",Myers,yes,frontend:council_race_cards.json|canonical:people.csv
Councillor,23,John-Mark Oleh,exact,can_34a45a0d23755b539cb5cc81c6d4ee9f,per_771051296cef56d8982370ecb29a6a64,confirmed,John-Mark Oleh,"Oleh, John Mark",Oleh,yes,frontend:council_race_cards.json|canonical:people.csv|data:challengers.csv
Councillor,23,Ronald Phen,exact,can_97187c62bfba5d18a4f708ae4246c096,per_688328d658375e0d9ad724157ba8edc3,confirmed,Ronald Phen,"Phen, Ronald",Phen,yes,frontend:council_race_cards.json|canonical:people.csv
Councillor,23,Piravena Sathiyanantham,exact,can_9499cbccd5485fcb9d85843d8a681a5e,,proposed,Piravena Sathiyanantham,"Sathiyanantham, Piravena",Sathiyanantham,yes,frontend:council_race_cards.json
Councillor,24,Paul Ainslie,exact,can_b575c3cad9c45924b9ab2fd40bf439bd,per_c0e1c9bb6045570b873969e4c462da62,confirmed,Paul Ainslie,"Ainslie, Paul",Ainslie,yes,frontend:council_race_cards.json|canonical:people.csv
Councillor,24,Robert Bazil,exact,can_8dec82b9fe5a5e8e9877b2652b9db3f9,per_95ee78b8d6b5584386ff88690cd1cc83,confirmed,Robert Bazil,"Bazil, Robert",Bazil,yes,frontend:council_race_cards.json|canonical:people.csv
Councillor,24,Jithender Mulamalla,exact,can_29e87ffd4ccb57d894c302eceaf6a80a,per_2ab6a3ebed0b565d9eb4d2fb5a6a2bb9,confirmed,Jithender Mulamalla,"Mulamalla, Jithender",Mulamalla,yes,frontend:council_race_cards.json|canonical:people.csv
Councillor,24,Nachi Ramasamy,exact,can_e2954dfad41c595ea86b9eb57bf985d5,per_07d082c7315f54cc8af5b9a245ca4bd1,confirmed,Nachi Ramasamy,"Ramasamy, Nachi",Ramasamy,yes,frontend:council_race_cards.json|canonical:people.csv
Councillor,24,Arun Sivanandan,exact,can_7b056c54c08e57a1be9656be36f1fb3c,per_2280d7cc39a95949afedbeef44db243b,confirmed,Arun Sivanandan,"Sivanandan, Arun",Sivanandan,yes,frontend:council_race_cards.json|canonical:people.csv
Councillor,24,An Wu,exact,can_7549a4a4392d5389a19be8b561281769,per_d8754336aab45a5bbe2eb9595b776ff6,confirmed,An Wu,"Wu, An",Wu,yes,frontend:council_race_cards.json|canonical:people.csv
Councillor,25,Shawn Allen,exact,can_fc057f15bfe2539a8936110ae1600cae,,proposed,Shawn Allen,"Allen, Shawn",Allen,yes,frontend:council_race_cards.json|data:challengers.csv
Councillor,25,Dharshan Casinathen,exact,can_a6db7813a89f5937b8f62ca4e37ad988,per_847d1e028c945d1c9e7e55001168ed5b,confirmed,Dharshan Casinathen,"Casinathen, Dharshan",Casinathen,yes,frontend:council_race_cards.json|canonical:people.csv
Councillor,25,Ashan Fernando,exact,can_e20b84344569575baa6eabadb1091543,,proposed,Ashan Fernando,"Fernando, Ashan",Fernando,yes,frontend:council_race_cards.json|data:challengers.csv
Councillor,25,Somas Kaneshapillai,exact,can_1920fdecbe3e50209fe0d2cc5940ec2a,per_de654733f51f5cb3a68d7452e0914ab5,confirmed,Somas Kaneshapillai,"Kaneshapillai, Somas",Kaneshapillai,yes,frontend:council_race_cards.json|canonical:people.csv
Councillor,25,Jannette Lumley,exact,can_d53ceb2d309c516995d7dbec962edca1,per_dd9fb72961f7536384e3b7a1486f00a5,confirmed,Jannette Lumley,"Lumley, Jannette",Lumley,yes,frontend:council_race_cards.json|canonical:people.csv|data:challengers.csv
Councillor,25,Zakir Patel,exact,can_d6b41f085030594bb7adfacbdd6a1409,,proposed,Zakir Patel,"Patel, Zakir",Patel,yes,frontend:council_race_cards.json
Councillor,25,Dianna Robinson,exact,can_5c11b4b6fc8355629f1fccaa01681837,,proposed,Dianna Robinson,"Robinson, Dianna",Robinson,yes,frontend:council_race_cards.json
Councillor,25,Neethan Shan,exact,can_a79a57064f7351fdb16759205a1efff7,per_19dc2d74394f53058376f79485db68e8,confirmed,Neethan Shan,"Shan, Neethan",Shan,yes,frontend:council_race_cards.json|canonical:people.csv
Councillor,25,Kannan S'ree Jr,exact,can_ffc20b3032ec521a8e1cf8bdd3dccbae,per_c77a9d97c9e75b418502546b4aae2489,confirmed,Kannan S'ree Jr,"Sree Jr, Kannan",S'ree Jr,no,frontend:council_race_cards.json|canonical:people.csv
Councillor,25,Vane Stavrev,exact,can_e1478c1326175e0d9d01ce8159cc2f1f,per_07f7263f875a5c31ac434ea9fbc5ddee,confirmed,Vane Stavrev,"Stavrev, Vane",Stavrev,yes,frontend:council_race_cards.json|canonical:people.csv
TDSB,1,Rosemarie Bryan,exact,can_0977564d534e5317abbd4b3955f27b83,per_edcc41390a185b6fab49aaca01070fce,confirmed,Rosemarie Bryan,"Bryan, Rosemarie",Bryan,yes,frontend:trustee_race_cards.json|canonical:people.csv
TDSB,1,Antonius Clarke,exact,can_d408d29fb4c353eb9f90086e7df9836c,,unresolved,Antonius Clarke,"Clarke, Antonius",Clarke,yes,frontend:trustee_race_cards.json
TDSB,1,Matias de Dovitiis,exact,can_3224e16ce5535e459bc5e4b8f8214aff,per_a7d99bd4713856f0b911d07aef6c31ef,confirmed,Matias de Dovitiis,"de Dovitiis, Matias",de Dovitiis,no,frontend:trustee_race_cards.json|canonical:people.csv
TDSB,1,Dennis Hastings,exact,can_2f91a36290e058ea8f377bacce7ea2ff,per_28aee1cff92751488df840b788c6aebf,confirmed,Dennis Hastings,"Hastings, Dennis",Hastings,yes,frontend:trustee_race_cards.json|canonical:people.csv
TDSB,1,Amberley Ryan Henry,exact,can_de9b983c8f4d56819344555bfa37b15f,per_add9588393e452dfa16b41b0b0d5826c,confirmed,Amberley Ryan Henry,"Henry, Amberley Ryan",Henry,yes,frontend:trustee_race_cards.json|canonical:people.csv
TDSB,1,Lakhan Kang,exact,can_01a1f4255c465a66ae1e93b82ef01b63,per_3b8429006cd55d61a82cb684a467ec0c,confirmed,Lakhan Kang,"Kang, Lakhan",Kang,yes,frontend:trustee_race_cards.json|canonical:people.csv
TDSB,2,Timothy Ellis,exact,can_f0fb2688068356ad9277ff0a7a01a2f5,per_ba3fbf31a9fe5c73b9c487c8c1868c7e,confirmed,Timothy Ellis,"Ellis, Timothy",Ellis,yes,frontend:trustee_race_cards.json|canonical:people.csv
TDSB,2,Ivan Voitsytskyi,exact,can_dfc9ea28b5d053e4bfd0d7f836e1761c,per_c86c60c8729959eb8d31eab56f9ba4bd,confirmed,Ivan Voitsytskyi,"Voitsytskyi, Ivan",Voitsytskyi,yes,frontend:trustee_race_cards.json|canonical:people.csv
TDSB,2,Matthew Zaffino,exact,can_ccf2917813195c81bfabc1dbfeeebfb3,per_4680abc205d9524e91d40d0e5ece5d24,confirmed,Matthew Zaffino,"Zaffino, Matthew",Zaffino,yes,frontend:trustee_race_cards.json|canonical:people.csv
TDSB,3,Matt Banninga,exact,can_00559d83c281555b8fb8ef52039a18c3,per_a260196af7e75abc85b6e818c7aa19da,confirmed,Matt Banninga,"Banninga, Matt",Banninga,yes,frontend:trustee_race_cards.json|canonical:people.csv
TDSB,3,Daniel Choi,exact,can_30a3b17f2636579aa3e5b4bf92256517,per_7bbd5f498ced5b5890498a19391cd363,confirmed,Daniel Choi,"Choi, Daniel",Choi,yes,frontend:trustee_race_cards.json|canonical:people.csv
TDSB,3,Alexis Dawson,exact,can_d1935130d0db55959dd7c5c1988ba9b3,per_f8e87f6e60a5572da5a66143af184f01,confirmed,Alexis Dawson,"Dawson, Alexis",Dawson,yes,frontend:trustee_race_cards.json|canonical:people.csv
TDSB,3,Christina Gural,exact,can_0fafd29d4a225baf98cecc410765a8c3,per_e8e209d2b0825e7d9fdde3275a2b3785,confirmed,Christina Gural,"Gural, Christina",Gural,yes,frontend:trustee_race_cards.json|canonical:people.csv
TDSB,3,Fatin Ishraq,exact,can_f26542d736ec5d39ba661dbefd895ea7,per_e5e9e4995e9e5177890d1fb60f67265c,confirmed,Fatin Ishraq,"Ishraq, Fatin",Ishraq,yes,frontend:trustee_race_cards.json|canonical:people.csv
TDSB,3,Justin Mensah,exact,can_87d3e98df80d51819382dc33965bc920,per_463ffadd9a6559b7b3aeeaf2372683d9,confirmed,Justin Mensah,"Mensah, Justin",Mensah,yes,frontend:trustee_race_cards.json|canonical:people.csv
TDSB,3,Andrew Waters,exact,can_d6ebf240b3f35a67acc9e1ffc80d4ddf,per_74720b07b18859e3a62f1b68796a2968,confirmed,Andrew Waters,"Waters, Andrew",Waters,yes,frontend:trustee_race_cards.json|canonical:people.csv
TDSB,3,Jennifer Webster,exact,can_68adaabd04ca53548df0dd7eaf2158c8,per_6e5264a02e435db687e3c35b85f7b8e4,confirmed,Jennifer Webster,"Webster, Jennifer",Webster,yes,frontend:trustee_race_cards.json|canonical:people.csv
TDSB,4,Ivanna Andrusyak,exact,can_4014990417345d95a6017de5bcd2c6e1,per_4a219d9d060c55239f5214d48bf24b47,confirmed,Ivanna Andrusyak,"Andrusyak, Ivanna",Andrusyak,yes,frontend:trustee_race_cards.json|canonical:people.csv
TDSB,4,Brandon Choi,exact,can_752ab998917e5fa1b787e159beed8dc3,per_0572394a8ce55529a77a1ae64ff08a08,confirmed,Brandon Choi,"Choi, Brandon",Choi,yes,frontend:trustee_race_cards.json|canonical:people.csv
TDSB,4,Anthony Delpero,exact,can_5a2aca85c3f35652ac94534b8180ca30,per_ef5ab565cd045d839b596a4233507a6b,confirmed,Anthony Delpero,"Delpero, Anthony",Delpero,yes,frontend:trustee_race_cards.json|canonical:people.csv
TDSB,4,Weidong Pei,exact,can_907c9762c2315f14a14ef10fa5bc0950,per_3d1e2ef403175c77b058926a66557587,confirmed,Weidong Pei,"Pei, Weidong",Pei,yes,frontend:trustee_race_cards.json|canonical:people.csv
TDSB,5,Elina Feyginberg,exact,can_efde46a33f0b56afa02321b17910321a,per_f7f62338295b5d4192ad4903efd4c22b,confirmed,Elina Feyginberg,"Feyginberg, Elina",Feyginberg,yes,frontend:trustee_race_cards.json|canonical:people.csv
TDSB,5,Andrene Gregory,exact,can_8fcf4a8990375683ba8d7255bdf4328e,per_4b0f62673a9c5380ab3f1b42fac333cf,confirmed,Andrene Gregory,"Gregory, Andrene",Gregory,yes,frontend:trustee_race_cards.json|canonical:people.csv
TDSB,5,David Gulyas,exact,can_a9f750bd470c5703b5be465e2dbc65fe,,unresolved,David Gulyas,"Gulyas, David",Gulyas,yes,frontend:trustee_race_cards.json
TDSB,5,Jared Kolb,exact,can_bc5bceaa50ee5a4fab8b14f50f41450f,per_ca9fe1534a505fcf9f279b33031cb748,confirmed,Jared Kolb,"Kolb, Jared",Kolb,yes,frontend:trustee_race_cards.json|canonical:people.csv
TDSB,5,Maureen Larkin,exact,can_a89be4d40dfb52bf86ec3f81bf39741a,per_471a0e894f825f4dac5106f3a2e7de78,confirmed,Maureen Larkin,"Larkin, Maureen",Larkin,yes,frontend:trustee_race_cards.json|canonical:people.csv
TDSB,5,Andrew Massey,exact,can_0223966eed3453f8a109f60a720eb111,,unresolved,Andrew Massey,"Massey, Andrew",Massey,yes,frontend:trustee_race_cards.json
TDSB,5,Gus Stefanis,exact,can_5d2f89362ab7548b817c10597e7bff66,,unresolved,Gus Stefanis,"Stefanis, Gus",Stefanis,yes,frontend:trustee_race_cards.json
TDSB,5,Janine Viret,exact,can_b2f8da7a927653cba9608bfeb72f3296,per_2b36e8c321ca5efb8cc5b666e8f6af11,confirmed,Janine Viret,"Viret, Janine",Viret,yes,frontend:trustee_race_cards.json|canonical:people.csv
TDSB,5,Jennifer Volk,exact,can_e9e640f8a9925817add41bb96547bd63,per_fa5d1958983751a991c306efcfc75f15,confirmed,Jennifer Volk,"Volk, Jennifer",Volk,yes,frontend:trustee_race_cards.json|canonical:people.csv
TDSB,6,Stacey Cline,exact,can_980559d390bb5a989f597daa3a932014,per_1746d5ad37245cee960b86ef19a17377,confirmed,Stacey Cline,"Cline, Stacey",Cline,yes,frontend:trustee_race_cards.json|canonical:people.csv
TDSB,6,Saherla Osman,exact,can_caef49e28ab35c5fb3a3711fd31a5bbe,per_769ae064e1ca5bbca67965da0560c048,confirmed,Saherla Osman,"Osman, Saherla",Osman,yes,frontend:trustee_race_cards.json|canonical:people.csv
TDSB,6,Sarah Smithies,exact,can_b6cae47cada7527bbcbba6257c5ae67e,per_311f804e0080520a9dce6ab5ccff78a4,confirmed,Sarah Smithies,"Smithies, Sarah",Smithies,yes,frontend:trustee_race_cards.json|canonical:people.csv
TDSB,6,John Vassal,exact,can_b224bbdcb6f75bf9ab2e818f00be2435,,unresolved,John Vassal,"Vassal, John",Vassal,yes,frontend:trustee_race_cards.json
TDSB,7,Axel Arvizu,exact,can_0f374e3c7faf50efad35d99d3ded7c81,,unresolved,Axel Arvizu,"Arvizu, Axel",Arvizu,yes,frontend:trustee_race_cards.json
TDSB,7,Gladstone Cherrington,exact,can_01172eb55cf256048374d94ac7781410,per_76ceb4bd77eb5da7837ab422228e4680,confirmed,Gladstone Cherrington,"Cherrington, Gladstone",Cherrington,yes,frontend:trustee_race_cards.json|canonical:people.csv
TDSB,7,Adam Golding,exact,can_ebe410d080165a28b82f117b6af06140,per_5d9b1cbc232752a6a673870fddc99816,confirmed,Adam Golding,"Golding, Adam",Golding,yes,frontend:trustee_race_cards.json|canonical:people.csv
TDSB,7,Tasha Kheiriddin,exact,can_ea87f678374751f0983b5f6848ce6b59,per_b736edeec5c8510383cd04ff43bac257,confirmed,Tasha Kheiriddin,"Kheiriddin, Tasha",Kheiriddin,yes,frontend:trustee_race_cards.json|canonical:people.csv
TDSB,7,Nasir Mohammad,exact,can_76567c8edf995fafadd960dfba8bfc6a,per_97b70f56576e528697f539ab3d083a9f,confirmed,Nasir Mohammad,"Mohammad, Nasir",Mohammad,yes,frontend:trustee_race_cards.json|canonical:people.csv
TDSB,7,Shaffni Nalir,exact,can_3f03082b897b5f678b63116eaa7b9871,per_14068f8b7b7e5df097881049c65b40b6,confirmed,Shaffni Nalir,"Nalir, Shaffni",Nalir,yes,frontend:trustee_race_cards.json|canonical:people.csv
TDSB,7,Theo Nazary,exact,can_9d5866ae07e957428f16ad530a1999a4,per_2dc5c0d376c45fa399f3a497f8d5606a,confirmed,Theo Nazary,"Nazary, Theo",Nazary,yes,frontend:trustee_race_cards.json|canonical:people.csv
TDSB,7,Deborah Williams,exact,can_eaaf331141da5743a5e9fe87cbfc73e4,per_cfcdf6426cf35730a107cfb957785eff,confirmed,Deborah Williams,"Williams, Deborah",Williams,yes,frontend:trustee_race_cards.json|canonical:people.csv
TDSB,8,Tracey Haddleton,exact,can_822c91dc5b7859f3bffaebc49cb4a0ed,per_3d2c9a52b03a5cf7882be8d988fd1c58,confirmed,Tracey Haddleton,"Haddleton, Tracey",Haddleton,yes,frontend:trustee_race_cards.json|canonical:people.csv
TDSB,8,Ibrahim Hatia,exact,can_8bbdbc503f8c50d1843f6094decf28c4,per_ac4480bc7d675476a6a5d6341c1a40ae,confirmed,Ibrahim Hatia,"Hatia, Ibrahim",Hatia,yes,frontend:trustee_race_cards.json|canonical:people.csv
TDSB,8,Spiros Kapoglis,exact,can_5e7c969bca2f5afb8c9048f5723b4519,per_b854b122d2c350ca91e6249d54c6c174,confirmed,Spiros Kapoglis,"Kapoglis, Spiros",Kapoglis,yes,frontend:trustee_race_cards.json|canonical:people.csv
TDSB,8,Imran Khan,exact,can_f41f04d241c35894a49f580c4eaab821,,unresolved,Imran Khan,"Khan, Imran",Khan,yes,frontend:trustee_race_cards.json
TDSB,8,Dewitt Lee III,exact,can_89044a41dd6059df8e8c780e41562ab7,per_ef73b1c3ab9a52f496eb4c940600c274,confirmed,Dewitt Lee III,"Lee III, Dewitt",Lee III,no,frontend:trustee_race_cards.json|canonical:people.csv
TDSB,8,Christine McGirr,exact,can_f6cdb98f716f5927a6d7702be80db45f,,unresolved,Christine McGirr,"McGirr, Christine",McGirr,yes,frontend:trustee_race_cards.json
TDSB,8,Farzana Rajwani,exact,can_cf329ed10ed3594894c05b6766a5436b,per_97c8552379cd5742aaf1a3b183edfc6e,confirmed,Farzana Rajwani,"Rajwani, Farzana",Rajwani,yes,frontend:trustee_race_cards.json|canonical:people.csv
TDSB,9,Carey De Pass,exact,can_6c24eafe36fc5421b1f20a497568e3b3,per_8cd764f7eeba54f1ad373f4813ab33c2,confirmed,Carey De Pass,"De Pass, Carey",De Pass,no,frontend:trustee_race_cards.json|canonical:people.csv
TDSB,9,Christopher Mammoliti,exact,can_87691f4eaa3b5fad89bc09b6719b79e5,per_2d23abe818995711b696fd8b8f2af4ed,confirmed,Christopher Mammoliti,"Mammoliti, Christopher",Mammoliti,yes,frontend:trustee_race_cards.json|canonical:people.csv
TDSB,9,Bill Wu,exact,can_225459bb53e25835a16c1731cd216699,,unresolved,Bill Wu,"Wu, Bill",Wu,yes,frontend:trustee_race_cards.json
TDSB,9,Sonny Yeung,exact,can_b400c405df765e08a0a6a8644aaa701d,per_dcf81aa9f2785dfe91089150ec4ccddc,confirmed,Sonny Yeung,"Yeung, Sonny",Yeung,yes,frontend:trustee_race_cards.json|canonical:people.csv
TDSB,10,Malik Ahmad,exact,can_7a668b3b98d35daa915ae28fc4204ae2,,unresolved,Malik Ahmad,"Ahmad, Malik",Ahmad,yes,frontend:trustee_race_cards.json
TDSB,10,Azim Dewan,exact,can_3fd9bf5aab3652fc8710e2fb9b72e168,,unresolved,Azim Dewan,"Dewan, Azim",Dewan,yes,frontend:trustee_race_cards.json
TDSB,10,Karen Emerson,exact,can_8076abf4a10552f8bb04fa484ec74c3d,per_6cc973f9489458b4880cfb3a86e143ec,confirmed,Karen Emerson,"Emerson, Karen",Emerson,yes,frontend:trustee_race_cards.json|canonical:people.csv
TDSB,10,Ahnaaf Hassan,exact,can_2c8f5a36cc6057549899360a49a4182a,per_5749a32fa0a05498aa34ae5071f37f1c,confirmed,Ahnaaf Hassan,"Hassan, Ahnaaf",Hassan,yes,frontend:trustee_race_cards.json|canonical:people.csv
TDSB,10,Md Sazibul Islam,exact,can_f522f78a24de5f9195043e5091a4906e,per_e2207d758b4b5d44bfd82a9b7c6397a2,confirmed,Md Sazibul Islam,"Islam, Md Sazibul",Islam,yes,frontend:trustee_race_cards.json|canonical:people.csv
TDSB,10,Glenn Kremp,exact,can_860f8fe35a785ef1b8adc09927d517da,per_9bab7131b4ce5537801259275f1ffdc5,confirmed,Glenn Kremp,"Kremp, Glenn",Kremp,yes,frontend:trustee_race_cards.json|canonical:people.csv
TDSB,10,Shawn Li,exact,can_f45567e7c92656f88222bb24d854e9a9,per_88e4fbe8e92f55329b7b2f5b1d978e42,confirmed,Shawn Li,"Li, Shawn",Li,yes,frontend:trustee_race_cards.json|canonical:people.csv
TDSB,10,Jocelyne Poirier,exact,can_990783c8b1b75211892caa7a4326511e,,unresolved,Jocelyne Poirier,"Poirier, Jocelyne",Poirier,yes,frontend:trustee_race_cards.json
TDSB,10,Marisa Sterling,exact,can_5f7f158aef535d02960dc4c058b3359a,,unresolved,Marisa Sterling,"Sterling, Marisa",Sterling,yes,frontend:trustee_race_cards.json
TDSB,11,Dedan Deus,exact,can_1161ca93a4615c7698106e70b18a5d53,per_5e54b43896845a13823ece555800b50f,confirmed,Dedan Deus,"Deus, Dedan",Deus,yes,frontend:trustee_race_cards.json|canonical:people.csv
TDSB,11,Angus Grant,exact,can_7aab9acba89353a7a68beeb8345c4884,,unresolved,Angus Grant,"Grant, Angus",Grant,yes,frontend:trustee_race_cards.json
TDSB,11,Dameon Halstead,exact,can_d4c1bd7d367e520b8bbc362ec0f3fc2c,,unresolved,Dameon Halstead,"Halstead, Dameon",Halstead,yes,frontend:trustee_race_cards.json
TDSB,11,Curtis Jack,exact,can_bb43967e9b9856a8a1afd8e3e33a0aab,per_b0f8c851c92c556b819e6d4041e70f89,confirmed,Curtis Jack,"Jack, Curtis",Jack,yes,frontend:trustee_race_cards.json|canonical:people.csv
TDSB,11,Abdul Azeem Mohammed,exact,can_c653fe3a72c05a0caeb56eee3eb8fd12,per_cd708cc70d2157b489bebcd8d795de01,confirmed,Abdul Azeem Mohammed,"Mohammed, Abdul Azeem",Mohammed,yes,frontend:trustee_race_cards.json|canonical:people.csv
TDSB,11,Ravicha Ravinthiran,exact,can_4eae390042ec54b1ac198df07635ab16,per_d2a670d7a1285943a20b7ad9e866f278,confirmed,Ravicha Ravinthiran,"Ravinthiran, Ravicha",Ravinthiran,yes,frontend:trustee_race_cards.json|canonical:people.csv
TDSB,12,Safiya Ansari,exact,can_333b58acfcd252b9b730bdee59c14909,per_ca052c2f0bd9559f94fd70dcec007cff,confirmed,Safiya Ansari,"Ansari, Safiya",Ansari,yes,frontend:trustee_race_cards.json|canonical:people.csv
TDSB,12,Darren Frake,exact,can_607efb391571594e977ad02672037327,,unresolved,Darren Frake,"Frake, Darren",Frake,yes,frontend:trustee_race_cards.json
TDSB,12,Aria Garcia,exact,can_7b4b0ea086df596fbb7d773fc59d64ef,per_81d5689e16db5b7da90c275c5fe99914,confirmed,Aria Garcia,"Garcia, Aria",Garcia,yes,frontend:trustee_race_cards.json|canonical:people.csv
TDSB,12,Gary McBean,exact,can_5b869f11c2e7501e8360fe5110cb4c1e,,unresolved,Gary McBean,"McBean, Gary",McBean,yes,frontend:trustee_race_cards.json
TDSB,12,Vimuththan Nantheeswarar,exact,can_57ef18de278e5abdabf014c172641e96,per_062d25cea042519c952735824b040b36,confirmed,Vimuththan Nantheeswarar,"Nantheeswarar, Vimuththan",Nantheeswarar,yes,frontend:trustee_race_cards.json|canonical:people.csv
TDSB,12,Ketan Purohit,exact,can_e774167e9f6c5178b56326acdfda9279,per_3512f056afe85c658d9d3ddea6a20eca,confirmed,Ketan Purohit,"Purohit, Ketan",Purohit,yes,frontend:trustee_race_cards.json|canonical:people.csv
TDSB,12,Anu Sriskandarajah,exact,can_c9f5d329538656ab8517f5c70c4b6939,per_3c246b205ffd55298633b81a804f8b82,confirmed,Anu Sriskandarajah,"Sriskandarajah, Anu",Sriskandarajah,yes,frontend:trustee_race_cards.json|canonical:people.csv
TDSB,12,Sherri Williams,exact,can_50bb1753ca4b578ca50b7ae0fc5a3cb1,per_008f650ff9bb5b2badf1507ac0d58280,confirmed,Sherri Williams,"Williams, Sherri",Williams,yes,frontend:trustee_race_cards.json|canonical:people.csv
TDSB,12,Marcia Wilson,exact,can_f06a857d2fc055c8bdcbd1222e6a13ba,per_6eacbd29fe695981b565ae791e9102b6,confirmed,Marcia Wilson,"Wilson, Marcia",Wilson,yes,frontend:trustee_race_cards.json|canonical:people.csv
TCDSB,1,Jennifer Di Francesco,exact,can_6b662e46d4595c758ff1692fdcc69824,per_a451ee8fc0a55f6db7bb50e28ac5475a,confirmed,Jennifer Di Francesco,"Di Francesco, Jennifer",Di Francesco,no,frontend:trustee_race_cards.json|canonical:people.csv
TCDSB,1,Maria Dias,exact,can_ce2847d87160597bb60ecb945f851a26,per_649dc6c63dc553c0bd708bbf7c40c51c,confirmed,Maria Dias,"Dias, Maria",Dias,yes,frontend:trustee_race_cards.json|canonical:people.csv
TCDSB,1,Robert Pella,exact,can_fbfd95dc861f59e3a88736d6aeb23bf3,per_49e3f7aa70e75f86af7426909f02bd74,confirmed,Robert Pella,"Pella, Robert",Pella,yes,frontend:trustee_race_cards.json|canonical:people.csv
TCDSB,2,Sara Concordia,exact,can_dd2201161043523fa07a932b7990349a,per_c13ac5915f01555b82e9e978d415e719,confirmed,Sara Concordia,"Concordia, Sara",Concordia,yes,frontend:trustee_race_cards.json|canonical:people.csv
TCDSB,2,Markus de Domenico,exact,can_b9b5b55f5f265132afd62fd721c56705,per_708b2db06a7a5192842e697cc167a88b,confirmed,Markus de Domenico,"de Domenico, Markus",de Domenico,no,frontend:trustee_race_cards.json|canonical:people.csv
TCDSB,3,Ida Li Preti,exact,can_c43ef763892b58168e61705d887e1c97,per_4fd87e6b870e500d92009bb5ce7af7c1,confirmed,Ida Li Preti,"Li Preti, Ida",Li Preti,no,frontend:trustee_race_cards.json|canonical:people.csv
TCDSB,3,Susel Munoz Plasencia,exact,can_2975279df8ce5342b8cf405d186453ca,per_8fb70544db8b5c37aacad9ea906ac6c3,confirmed,Susel Munoz Plasencia,"Munoz Plasencia, Susel",Munoz Plasencia,no,frontend:trustee_race_cards.json|canonical:people.csv
TCDSB,4,Maria Borreca,exact,can_e42ba466410057ac951b8a14440c49c6,per_5124028b1b8e5ca19750424dbddbfb69,confirmed,Maria Borreca,"Borreca, Maria",Borreca,yes,frontend:trustee_race_cards.json|canonical:people.csv
TCDSB,4,Peter Fracassi,exact,can_4b9c0c3975265308b0e050b612a05da2,per_827dfbbda6c25a57a8de7b4f80cb870a,confirmed,Peter Fracassi,"Fracassi, Peter",Fracassi,yes,frontend:trustee_race_cards.json|canonical:people.csv
TCDSB,4,Teresa Lubinski,exact,can_e51ffe35a51f5794b51c81ab5ad77cbc,per_0277eb81ad4d5dc7a2bc6e55e4756875,confirmed,Teresa Lubinski,"Lubinski, Teresa",Lubinski,yes,frontend:trustee_race_cards.json|canonical:people.csv
TCDSB,5,Gianfranco Cristiano,exact,can_d4ab584a9bbd5256acfef42edaf29d1e,,unresolved,Gianfranco Cristiano,"Cristiano, Gianfranco",Cristiano,yes,frontend:trustee_race_cards.json
TCDSB,5,Maria Rizzo,exact,can_bcfeb2fa3b35551290bbd95e4de965b1,per_398a476f8e6a527f9ca5370d45d41886,confirmed,Maria Rizzo,"Rizzo, Maria",Rizzo,yes,frontend:trustee_race_cards.json|canonical:people.csv
TCDSB,6,Frank D'Amico,exact,can_0bec302f9a5656f68d9317faf79bd81c,per_560f8e733f03582da9f59904430cc506,confirmed,Frank D'Amico,"DAmico, Frank",D'Amico,yes,frontend:trustee_race_cards.json|canonical:people.csv
TCDSB,7,Celine DiNova,exact,can_656fcfdc512c5d22b05715336b449ee6,,unresolved,Celine DiNova,"DiNova, Celine",DiNova,yes,frontend:trustee_race_cards.json
TCDSB,7,Marissa Largo,exact,can_19957a0f657f53778c8d080c975d3a6c,per_e5d95e47dee256a086927899e0539829,confirmed,Marissa Largo,"Largo, Marissa",Largo,yes,frontend:trustee_race_cards.json|canonical:people.csv
TCDSB,7,Gregory Rodriguez,exact,can_3c5cf71c069a58b5802a61568489e9b3,per_b1e037542ccb51439b82c5f1d80907dd,confirmed,Gregory Rodriguez,"Rodriguez, Gregory",Rodriguez,yes,frontend:trustee_race_cards.json|canonical:people.csv
TCDSB,8,Carla Allen,exact,can_0c6cc096ee3759faa4245e67c2840b10,per_1be729a2160d5ceb932abd9e018e84ab,confirmed,Carla Allen,"Allen, Carla",Allen,yes,frontend:trustee_race_cards.json|canonical:people.csv
TCDSB,8,Mary Cury Paul,exact,can_f01007545e60587691515c07e4a903e8,per_242bd8208a9b5a4283ef2d25887be876,confirmed,Mary Cury Paul,"Paul, Mary Cury",Paul,yes,frontend:trustee_race_cards.json|canonical:people.csv
TCDSB,8,Garry Tanuan,exact,can_16a76ce95d88555e9f4c4fe393854af1,per_c6100ed1c5a25fcdaa2206d06b752405,confirmed,Garry Tanuan,"Tanuan, Garry",Tanuan,yes,frontend:trustee_race_cards.json|canonical:people.csv
TCDSB,9,Rosina Bonavota,exact,can_4b90bb3f92415cbeacd9c49294844657,,unresolved,Rosina Bonavota,"Bonavota, Rosina",Bonavota,yes,frontend:trustee_race_cards.json
TCDSB,9,Renato Fallico,exact,can_62de67b8b5ec5d119f07221a40f6132a,,unresolved,Renato Fallico,"Fallico, Renato",Fallico,yes,frontend:trustee_race_cards.json
TCDSB,9,David Le,exact,can_3aa1d130e8f3503c941983d9258b7fb9,per_20c03379c8e55a0d9f0896b492aeabe4,confirmed,David Le,"Le, David",Le,yes,frontend:trustee_race_cards.json|canonical:people.csv
TCDSB,9,Jonathan Santos,exact,can_fe42206a6fe95bdeb68178b4e8826d73,per_d4fd43c85f57536d8660289229689293,confirmed,Jonathan Santos,"Santos, Jonathan",Santos,yes,frontend:trustee_race_cards.json|canonical:people.csv
TCDSB,10,Rosanna Araujo,exact,can_2ce1f567f57052e09357e59dd3ac8cec,per_e1d42d0877bf5294a22e35c92f2ae7ca,confirmed,Rosanna Araujo,"Araujo, Rosanna",Araujo,yes,frontend:trustee_race_cards.json|canonical:people.csv
TCDSB,10,Teresa Colonna,exact,can_a914bd264614594fa4f70250bd565593,per_d84cdebd27ac58d6ac0a955e783b9ede,confirmed,Teresa Colonna,"Colonna, Teresa",Colonna,yes,frontend:trustee_race_cards.json|canonical:people.csv
TCDSB,10,Stephanie Loor Ruiz,exact,can_202423c400a55a29b4aeabbd24a546b6,per_0e15b12e445654fe89e447656681f11b,confirmed,Stephanie Loor Ruiz,"Loor Ruiz, Stephanie",Loor Ruiz,no,frontend:trustee_race_cards.json|canonical:people.csv
TCDSB,10,Sal Piccininni,exact,can_489331f6970f5c4cae48691377937359,,unresolved,Sal Piccininni,"Piccininni, Sal",Piccininni,yes,frontend:trustee_race_cards.json
TCDSB,10,Paul Salvatori,exact,can_578ca769a6ce55f68cce5609ee2d0a36,,unresolved,Paul Salvatori,"Salvatori, Paul",Salvatori,yes,frontend:trustee_race_cards.json
TCDSB,11,Angela Kennedy,exact,can_d8004d3122615bda892d893bba4560ee,per_5853689b88db555ca8a9431a01bdd81a,confirmed,Angela Kennedy,"Kennedy, Angela",Kennedy,yes,frontend:trustee_race_cards.json|canonical:people.csv
TCDSB,11,Anton Perera,exact,can_bb720ba2d1685e488eb701b6d49711a2,per_907c105d0a2057d2ab93b46f394bbbe2,confirmed,Anton Perera,"Perera, Anton",Perera,yes,frontend:trustee_race_cards.json|canonical:people.csv
TCDSB,12,Nancy Crawford,exact,can_2ad9fa52dee954d4a11c8e3bdbbbb5d7,per_9d4819cd2db25de88900ee46712abd36,confirmed,Nancy Crawford,"Crawford, Nancy",Crawford,yes,frontend:trustee_race_cards.json|canonical:people.csv
Viamonde,2,Benoit Fortin,exact,can_614647480cb456b4acff2b95864b823a,per_71d9ef804ac150c19f85fabaa83a7ada,confirmed,Benoit Fortin,"Fortin, Benoit",Fortin,yes,frontend:trustee_race_cards.json|canonical:people.csv
Viamonde,3,Jean-François L'Heureux,exact,can_61fa7af81c8957a0b39ed8104548795f,per_752b7d7461ed56958c2f8873b66356d2,confirmed,Jean-François L'Heureux,"LHeureux, Jean Francois",L'Heureux,yes,frontend:trustee_race_cards.json|canonical:people.csv
Viamonde,3,Anna-Karyna Ruszkowski,exact,can_f1195ba08c7e563a8ac820d7773ed670,per_5119619cdfcf549caabec5d2986dc739,confirmed,Anna-Karyna Ruszkowski,"Ruszkowski, Anna Karyna",Ruszkowski,yes,frontend:trustee_race_cards.json|canonical:people.csv
Viamonde,4,Geneviève Oger,exact,can_be841f8d506757cfb0c1b93dd102e85f,per_6565a5b11fc255299b2d7ddd744ad643,confirmed,Geneviève Oger,"Oger, Genevieve",Oger,yes,frontend:trustee_race_cards.json|canonical:people.csv
MonAvenir,3,Josiane Aboungono,exact,can_292fef10530b5163a82e65c79829e541,per_01cb9cf02dc6551cbfbbc98756af4fd0,confirmed,Josiane Aboungono,"Aboungono, Josiane",Aboungono,yes,frontend:trustee_race_cards.json|canonical:people.csv
MonAvenir,3,Yelena Nichilo,exact,can_98881d67eba65ad08f3713f8be9fa98e,per_30c1e6230c2b5d84b5c5e98f0dc86d17,confirmed,Yelena Nichilo,"Nichilo, Yelena",Nichilo,yes,frontend:trustee_race_cards.json|canonical:people.csv
MonAvenir,3,Angela Ogang,exact,can_633c21ab1fb85a4d8e053f67b033741f,per_c9e8a478bf1d53dca76b16b558c8ae3a,confirmed,Angela Ogang,"Ogang, Angela",Ogang,yes,frontend:trustee_race_cards.json|canonical:people.csv
MonAvenir,4,Rhea Dechaine,exact,can_9b9511aaebde561a82cfbb130bb8d0b6,per_c5a0ed9f32ce542daae2171d3c5fe66c,confirmed,Rhea Dechaine,"Dechaine, Rhea",Dechaine,yes,frontend:trustee_race_cards.json|canonical:people.csv
MonAvenir,4,Clescadine Gustave,exact,can_e7c787f550605ea09c7eb8e0a4972aef,per_07180fa9e49a5acab4bb252d2b3b0c9c,confirmed,Clescadine Gustave,"Gustave, Clescadine",Gustave,yes,frontend:trustee_race_cards.json|canonical:people.csv
MonAvenir,4,Derek McNulty,exact,can_6564e3e01a3c506b880b505fb4c79615,per_e740afb661d55956804d6b2523a42e9b,confirmed,Derek McNulty,"McNulty, Derek",McNulty,yes,frontend:trustee_race_cards.json|canonical:people.csv
