path,dataset,source_url,source_sha256,archive_member,city_last_modified,retrieved
results/2014/COUNCILLOR.xls,https://open.toronto.ca/dataset/election-results-official/,https://ckan0.cf.opendata.inter.prod-toronto.ca/dataset/96d35404-44d9-49d8-95bb-fb1e5489240d/resource/d59b5a52-33c3-4380-a136-82707e4d9aae/download/2014-results.zip,a6e7b8acaa4c7acc8756a582b2a4b2a8ac324cdd6823f62a7c1bc22ddb6c4a6b,COUNCILLOR.xls,2019-07-23,2026-10-07
results/2014/MAYOR.xls,https://open.toronto.ca/dataset/election-results-official/,https://ckan0.cf.opendata.inter.prod-toronto.ca/dataset/96d35404-44d9-49d8-95bb-fb1e5489240d/resource/d59b5a52-33c3-4380-a136-82707e4d9aae/download/2014-results.zip,a6e7b8acaa4c7acc8756a582b2a4b2a8ac324cdd6823f62a7c1bc22ddb6c4a6b,MAYOR.xls,2019-07-23,2026-10-07
results/2014/TORONTO CATHOLIC DISTRICT SCHOOL BOARD.xls,https://open.toronto.ca/dataset/election-results-official/,https://ckan0.cf.opendata.inter.prod-toronto.ca/dataset/96d35404-44d9-49d8-95bb-fb1e5489240d/resource/d59b5a52-33c3-4380-a136-82707e4d9aae/download/2014-results.zip,a6e7b8acaa4c7acc8756a582b2a4b2a8ac324cdd6823f62a7c1bc22ddb6c4a6b,TORONTO CATHOLIC DISTRICT SCHOOL BOARD.xls,2019-07-23,2026-10-07
results/2014/TORONTO DISTRICT SCHOOL BOARD.xls,https://open.toronto.ca/dataset/election-results-official/,https://ckan0.cf.opendata.inter.prod-toronto.ca/dataset/96d35404-44d9-49d8-95bb-fb1e5489240d/resource/d59b5a52-33c3-4380-a136-82707e4d9aae/download/2014-results.zip,a6e7b8acaa4c7acc8756a582b2a4b2a8ac324cdd6823f62a7c1bc22ddb6c4a6b,TORONTO DISTRICT SCHOOL BOARD.xls,2019-07-23,2026-10-07
results/2018/2018_Toronto_Poll_By_Poll_Councillor.xlsx,https://open.toronto.ca/dataset/election-results-official/,https://ckan0.cf.opendata.inter.prod-toronto.ca/dataset/96d35404-44d9-49d8-95bb-fb1e5489240d/resource/2fcd5f20-90f5-4dd0-88eb-22e978b9bf89/download/2018-results.zip,786aa376d5b4d5d3042d3e0b8af148f3cf4edce0c9345677e412ccc744f940e0,2018_Toronto_Poll_By_Poll_Councillor.xlsx,2019-07-23,2026-10-07
results/2018/2018_Toronto_Poll_By_Poll_Mayor.xlsx,https://open.toronto.ca/dataset/election-results-official/,https://ckan0.cf.opendata.inter.prod-toronto.ca/dataset/96d35404-44d9-49d8-95bb-fb1e5489240d/resource/2fcd5f20-90f5-4dd0-88eb-22e978b9bf89/download/2018-results.zip,786aa376d5b4d5d3042d3e0b8af148f3cf4edce0c9345677e412ccc744f940e0,2018_Toronto_Poll_By_Poll_Mayor.xlsx,2019-07-23,2026-10-07
results/2018/2018_Toronto_Poll_By_Poll_Toronto_Catholic_District_School_Board.xlsx,https://open.toronto.ca/dataset/election-results-official/,https://ckan0.cf.opendata.inter.prod-toronto.ca/dataset/96d35404-44d9-49d8-95bb-fb1e5489240d/resource/2fcd5f20-90f5-4dd0-88eb-22e978b9bf89/download/2018-results.zip,786aa376d5b4d5d3042d3e0b8af148f3cf4edce0c9345677e412ccc744f940e0,2018_Toronto_Poll_By_Poll_Toronto_Catholic_District_School_Board.xlsx,2019-07-23,2026-10-07
results/2018/2018_Toronto_Poll_By_Poll_Toronto_District_School_Board.xlsx,https://open.toronto.ca/dataset/election-results-official/,https://ckan0.cf.opendata.inter.prod-toronto.ca/dataset/96d35404-44d9-49d8-95bb-fb1e5489240d/resource/2fcd5f20-90f5-4dd0-88eb-22e978b9bf89/download/2018-results.zip,786aa376d5b4d5d3042d3e0b8af148f3cf4edce0c9345677e412ccc744f940e0,2018_Toronto_Poll_By_Poll_Toronto_District_School_Board.xlsx,2019-07-23,2026-10-07
results/2022/2022_Toronto_Poll_By_Poll_Councillor.xlsx,https://open.toronto.ca/dataset/election-results-official/,https://ckan0.cf.opendata.inter.prod-toronto.ca/dataset/96d35404-44d9-49d8-95bb-fb1e5489240d/resource/3ad371de-7c51-45d3-9ea4-0b4efac5fc2b/download/2022-results.zip,127d0a29ee82b1e9694078588999e825377cfbb2c5d9f1d1bfaf234f9dbaba76,2022_Toronto_Poll_By_Poll_Councillor.xlsx,2022-10-27,2026-10-07
results/2022/2022_Toronto_Poll_By_Poll_Mayor.xlsx,https://open.toronto.ca/dataset/election-results-official/,https://ckan0.cf.opendata.inter.prod-toronto.ca/dataset/96d35404-44d9-49d8-95bb-fb1e5489240d/resource/3ad371de-7c51-45d3-9ea4-0b4efac5fc2b/download/2022-results.zip,127d0a29ee82b1e9694078588999e825377cfbb2c5d9f1d1bfaf234f9dbaba76,2022_Toronto_Poll_By_Poll_Mayor.xlsx,2022-10-27,2026-10-07
results/2022/2022_Toronto_Poll_By_Poll_Toronto_Catholic_District_School_Board.xlsx,https://open.toronto.ca/dataset/election-results-official/,https://ckan0.cf.opendata.inter.prod-toronto.ca/dataset/96d35404-44d9-49d8-95bb-fb1e5489240d/resource/3ad371de-7c51-45d3-9ea4-0b4efac5fc2b/download/2022-results.zip,127d0a29ee82b1e9694078588999e825377cfbb2c5d9f1d1bfaf234f9dbaba76,2022_Toronto_Poll_By_Poll_Toronto_Catholic_District_School_Board.xlsx,2022-10-27,2026-10-07
results/2022/2022_Toronto_Poll_By_Poll_Toronto_District_School_Board.xlsx,https://open.toronto.ca/dataset/election-results-official/,https://ckan0.cf.opendata.inter.prod-toronto.ca/dataset/96d35404-44d9-49d8-95bb-fb1e5489240d/resource/3ad371de-7c51-45d3-9ea4-0b4efac5fc2b/download/2022-results.zip,127d0a29ee82b1e9694078588999e825377cfbb2c5d9f1d1bfaf234f9dbaba76,2022_Toronto_Poll_By_Poll_Toronto_District_School_Board.xlsx,2022-10-27,2026-10-07
results/2022/Readme.txt,https://open.toronto.ca/dataset/election-results-official/,https://ckan0.cf.opendata.inter.prod-toronto.ca/dataset/96d35404-44d9-49d8-95bb-fb1e5489240d/resource/3ad371de-7c51-45d3-9ea4-0b4efac5fc2b/download/2022-results.zip,127d0a29ee82b1e9694078588999e825377cfbb2c5d9f1d1bfaf234f9dbaba76,Readme.txt,2022-10-27,2026-10-07
results/2023/2023_office_of_the_mayor.xlsx,https://open.toronto.ca/dataset/elections-official-by-election-results/,https://ckan0.cf.opendata.inter.prod-toronto.ca/dataset/97d72233-8681-4b3d-828e-4929d40d122c/resource/868f890d-5432-432b-823c-c6a6fafa2f63/download/2023_office_of_the_mayor.xlsx,8077b5b94ebd25fb97d34cdeaeeadfb8a8c058d4530c06ab1ad56665a3fe435a,,2023-06-30,2026-10-07
voter_statistics/2014-voter-statistics.xls,https://open.toronto.ca/dataset/elections-voter-statistics/,https://ckan0.cf.opendata.inter.prod-toronto.ca/dataset/7dc606ab-f042-4d90-99e2-9247cb5953d2/resource/a20ad5ef-c77c-4ea3-8144-e270c1f6f9d1/download/2014-voter-statistics.xls,9dee143b9348f6d81d2076f4e752990787933104737bbc5d4d2a7e66890153dc,,2019-07-23,2026-10-07
voter_statistics/2018_Voter_Turnout_Statistics_FINAL.XLSX,https://open.toronto.ca/dataset/elections-voter-statistics/,https://ckan0.cf.opendata.inter.prod-toronto.ca/dataset/7dc606ab-f042-4d90-99e2-9247cb5953d2/resource/cb352fd3-7228-48f3-bac3-00c6f7c5dfa6/download/2018-voter-statistics.zip,da01568efc8057e685d188c3b793cc5cff88fcdcd19bc6475452f1044d0679fd,2018_Voter_Turnout_Statistics_FINAL.XLSX,2019-07-23,2026-10-07
voter_statistics/2022_voter_turnout_statistics_final.xlsx,https://open.toronto.ca/dataset/elections-voter-statistics/,https://ckan0.cf.opendata.inter.prod-toronto.ca/dataset/7dc606ab-f042-4d90-99e2-9247cb5953d2/resource/631b7042-bd71-46b1-9c27-2d4119462ec7/download/2022_voter_turnout_statistics_final.xlsx,ab66fa7da43c0118ee3455c804b431ae0ec03e491f7496b3061004c1721cbf21,,2023-02-07,2026-10-07
voter_statistics/2023-mayoral-by-election-voter-statistics-1.xlsx,https://open.toronto.ca/dataset/elections-by-election-voter-statistics/,https://ckan0.cf.opendata.inter.prod-toronto.ca/dataset/c1c7ea74-0088-484f-9508-2165d3dfd629/resource/46ccd64f-4a40-41b3-b045-d13ab34e54eb/download/2023-mayoral-by-election-voter-statistics-1.xlsx,e2073b8814e505b7f9e53be8fee9e75a407323fc23f6563ddaf9bf32c0bb2fd5,,2023-10-18,2026-10-07
voter_statistics/elections-voter-statistics-readme.xlsx,https://open.toronto.ca/dataset/elections-voter-statistics/,https://ckan0.cf.opendata.inter.prod-toronto.ca/dataset/7dc606ab-f042-4d90-99e2-9247cb5953d2/resource/cb352fd3-7228-48f3-bac3-00c6f7c5dfa6/download/2018-voter-statistics.zip,da01568efc8057e685d188c3b793cc5cff88fcdcd19bc6475452f1044d0679fd,elections-voter-statistics-readme.xlsx,2019-07-23,2026-10-07
voter_statistics/voter-statistics-readme.xls,https://open.toronto.ca/dataset/elections-voter-statistics/,https://ckan0.cf.opendata.inter.prod-toronto.ca/dataset/7dc606ab-f042-4d90-99e2-9247cb5953d2/resource/0f95159a-5b4d-4c9b-ba19-6a4bbf95d685/download/readme.xls,6def9766bee6fc2b6fcb07e7d5c1264950fcd1527c74d184bc2a9303e57c255f,,2019-07-23,2026-10-07
